day,level,uid,day_formatted,date,number_of_calls,number_of_sms,duration_hours,number_of_deadlines
2013-03-27,1.0,u04,2013-03-27,2013-03-27,24.0,24.0,6.983888888888889,0.0
2013-03-27,1.0,u04,2013-03-27,2013-03-27,24.0,24.0,6.983888888888889,0.0
2013-03-27.1,4.0,u04,2013-03-27,2013-03-27,24.0,24.0,6.983888888888889,0.0
2013-03-27.1,4.0,u04,2013-03-27,2013-03-27,24.0,24.0,6.983888888888889,0.0
2013-03-28,1.0,u04,2013-03-28,2013-03-28,24.0,24.0,7.015555555555555,0.0
2013-03-29,2.0,u04,2013-03-29,2013-03-29,24.0,24.0,7.791944444444445,0.0
2013-03-29.1,1.0,u04,2013-03-29,2013-03-29,24.0,24.0,7.791944444444445,0.0
2013-03-30,1.0,u04,2013-03-30,2013-03-30,24.0,24.0,4.826388888888888,0.0
2013-03-31,1.0,u04,2013-03-31,2013-03-31,24.0,24.0,7.305833333333333,0.0
2013-04-02,3.0,u04,2013-04-02,2013-04-02,24.0,24.0,5.823333333333333,0.0
2013-04-02.1,1.0,u04,2013-04-02,2013-04-02,24.0,24.0,5.823333333333333,0.0
2013-04-03,2.0,u04,2013-04-03,2013-04-03,24.0,24.0,8.071944444444444,0.0
2013-04-04,1.0,u04,2013-04-04,2013-04-04,24.0,24.0,6.676111111111111,0.0
2013-04-07,1.0,u04,2013-04-07,2013-04-07,24.0,24.0,7.966111111111111,0.0
2013-04-05,2.0,u04,2013-04-05,2013-04-05,24.0,24.0,6.42,0.0
2013-04-08,1.0,u04,2013-04-08,2013-04-08,24.0,24.0,8.04888888888889,1.0
2013-04-09,1.0,u04,2013-04-09,2013-04-09,24.0,24.0,6.1033333333333335,0.0
2013-04-11,3.0,u04,2013-04-11,2013-04-11,18.0,18.0,8.083333333333334,0.0
2013-04-16,2.0,u04,2013-04-16,2013-04-16,24.0,24.0,9.583055555555555,0.0
2013-04-16.1,3.0,u04,2013-04-16,2013-04-16,24.0,24.0,9.583055555555555,0.0
2013-04-15,2.0,u04,2013-04-15,2013-04-15,24.0,24.0,7.128888888888889,1.0
2013-04-15.1,3.0,u04,2013-04-15,2013-04-15,24.0,24.0,7.128888888888889,1.0
2013-04-17,1.0,u04,2013-04-17,2013-04-17,24.0,24.0,8.444166666666666,0.0
2013-04-18,1.0,u04,2013-04-18,2013-04-18,24.0,24.0,5.831666666666667,0.0
2013-04-22,1.0,u04,2013-04-22,2013-04-22,24.0,24.0,8.814166666666667,1.0
2013-04-30,3.0,u04,2013-04-30,2013-04-30,24.0,24.0,6.131388888888889,1.0
2013-04-02.2,1.0,u45,2013-04-02,2013-04-02,24.0,24.0,11.876944444444444,1.0
2013-04-02.3,5.0,u45,2013-04-02,2013-04-02,24.0,24.0,11.876944444444444,1.0
2013-04-04.1,4.0,u45,2013-04-04,2013-04-04,22.0,22.0,6.579166666666667,0.0
2013-04-05.1,5.0,u45,2013-04-05,2013-04-05,23.0,23.0,7.009444444444444,0.0
2013-04-08.1,4.0,u45,2013-04-08,2013-04-08,24.0,24.0,6.035,1.0
2013-04-08.2,5.0,u45,2013-04-08,2013-04-08,24.0,24.0,6.035,1.0
2013-04-12,5.0,u45,2013-04-12,2013-04-12,24.0,24.0,8.841388888888888,0.0
2013-04-13,5.0,u45,2013-04-13,2013-04-13,24.0,24.0,8.706944444444444,0.0
2013-05-06,1.0,u45,2013-05-06,2013-05-06,24.0,24.0,5.4238888888888885,0.0
2013-03-31.1,2.0,u41,2013-03-31,2013-03-31,24.0,24.0,2.8738888888888887,1.0
2013-04-04.2,2.0,u41,2013-04-04,2013-04-04,24.0,24.0,3.5441666666666665,0.0
2013-04-09.1,1.0,u41,2013-04-09,2013-04-09,23.0,23.0,3.481388888888889,0.0
2013-03-28.1,1.0,u52,2013-03-28,2013-03-28,24.0,24.0,5.341111111111111,0.0
2013-03-30.1,2.0,u52,2013-03-30,2013-03-30,24.0,24.0,4.733055555555556,0.0
2013-04-03.1,1.0,u52,2013-04-03,2013-04-03,24.0,24.0,2.036111111111111,0.0
2013-04-03.2,5.0,u52,2013-04-03,2013-04-03,24.0,24.0,2.036111111111111,0.0
2013-04-04.3,5.0,u52,2013-04-04,2013-04-04,23.0,23.0,2.9375,0.0
2013-04-05.2,1.0,u52,2013-04-05,2013-04-05,24.0,24.0,2.896111111111111,0.0
2013-04-06,3.0,u52,2013-04-06,2013-04-06,11.0,11.0,0.4183333333333333,0.0
2013-04-07.1,3.0,u52,2013-04-07,2013-04-07,25.0,24.0,2.23,1.0
2013-04-08.3,3.0,u52,2013-04-08,2013-04-08,19.0,19.0,2.323055555555555,1.0
2013-04-09.2,5.0,u52,2013-04-09,2013-04-09,27.0,27.0,1.5583333333333331,0.0
2013-04-10,1.0,u52,2013-04-10,2013-04-10,24.0,24.0,1.7633333333333334,0.0
2013-04-11.1,5.0,u52,2013-04-11,2013-04-11,23.0,23.0,4.549444444444444,0.0
2013-04-16.2,1.0,u52,2013-04-16,2013-04-16,24.0,24.0,0.6430555555555555,1.0
2013-04-12.1,1.0,u52,2013-04-12,2013-04-12,22.0,22.0,2.7219444444444445,0.0
2013-04-13.1,5.0,u52,2013-04-13,2013-04-13,24.0,24.0,2.9958333333333336,0.0
2013-04-15.2,1.0,u52,2013-04-15,2013-04-15,25.0,25.0,0.8141666666666666,1.0
2013-04-18.1,4.0,u52,2013-04-18,2013-04-18,24.0,24.0,2.312222222222222,0.0
2013-04-18.2,5.0,u52,2013-04-18,2013-04-18,24.0,24.0,2.312222222222222,0.0
2013-04-23,2.0,u52,2013-04-23,2013-04-23,26.0,26.0,2.176944444444445,0.0
2013-04-30.1,1.0,u52,2013-04-30,2013-04-30,25.0,24.0,0.6966666666666667,2.0
2013-05-16,2.0,u52,2013-05-16,2013-05-16,24.0,24.0,0.4472222222222222,0.0
2013-03-31.3,3.0,u22,2013-03-31,2013-03-31,24.0,24.0,1.929722222222222,1.0
2013-03-31.4,1.0,u22,2013-03-31,2013-03-31,24.0,24.0,1.929722222222222,1.0
2013-03-31.5,4.0,u22,2013-03-31,2013-03-31,24.0,24.0,1.929722222222222,1.0
2013-04-03.7,4.0,u22,2013-04-03,2013-04-03,24.0,24.0,6.009722222222222,0.0
2013-03-27.2,1.0,u22,2013-03-27,2013-03-27,24.0,25.0,4.395277777777778,0.0
2013-03-27.2,1.0,u22,2013-03-27,2013-03-27,24.0,25.0,4.395277777777778,0.0
2013-03-28.2,5.0,u22,2013-03-28,2013-03-28,24.0,24.0,7.053611111111112,0.0
2013-03-28.3,4.0,u22,2013-03-28,2013-03-28,24.0,24.0,7.053611111111112,0.0
2013-03-29.2,1.0,u22,2013-03-29,2013-03-29,24.0,24.0,7.041111111111111,0.0
2013-03-29.3,4.0,u22,2013-03-29,2013-03-29,24.0,24.0,7.041111111111111,0.0
2013-04-01.1,1.0,u22,2013-04-01,2013-04-01,24.0,24.0,0.6863888888888888,0.0
2013-04-02.5,1.0,u22,2013-04-02,2013-04-02,24.0,24.0,3.792222222222222,0.0
2013-04-04.8,1.0,u22,2013-04-04,2013-04-04,24.0,24.0,5.528333333333333,0.0
2013-04-04.9,4.0,u22,2013-04-04,2013-04-04,24.0,24.0,5.528333333333333,0.0
2013-04-05.6,1.0,u22,2013-04-05,2013-04-05,24.0,24.0,8.56611111111111,0.0
2013-04-08.6,5.0,u22,2013-04-08,2013-04-08,24.0,24.0,,1.0
2013-04-08.7,4.0,u22,2013-04-08,2013-04-08,24.0,24.0,,1.0
2013-04-09.5,4.0,u22,2013-04-09,2013-04-09,24.0,24.0,,0.0
2013-04-10.3,4.0,u22,2013-04-10,2013-04-10,24.0,24.0,,0.0
2013-04-11.3,1.0,u22,2013-04-11,2013-04-11,24.0,24.0,,0.0
2013-04-11.4,4.0,u22,2013-04-11,2013-04-11,24.0,24.0,,0.0
2013-04-14.4,1.0,u22,2013-04-14,2013-04-14,24.0,24.0,,0.0
2013-04-03.8,2.0,u50,2013-04-03,2013-04-03,23.0,24.0,2.803888888888889,0.0
2013-03-28.4,1.0,u27,2013-03-28,2013-03-28,10.0,10.0,4.4925,0.0
2013-03-28.5,2.0,u27,2013-03-28,2013-03-28,10.0,10.0,4.4925,0.0
2013-03-29.4,3.0,u27,2013-03-29,2013-03-29,24.0,24.0,9.593055555555557,0.0
2013-03-29.5,1.0,u27,2013-03-29,2013-03-29,24.0,24.0,9.593055555555557,0.0
2013-04-03.9,1.0,u27,2013-04-03,2013-04-03,24.0,24.0,7.55,0.0
2013-04-04.10,1.0,u27,2013-04-04,2013-04-04,24.0,24.0,6.0,0.0
2013-04-05.7,1.0,u27,2013-04-05,2013-04-05,24.0,24.0,8.614722222222222,0.0
2013-04-08.8,3.0,u27,2013-04-08,2013-04-08,24.0,24.0,7.346111111111111,1.0
2013-04-10.4,3.0,u27,2013-04-10,2013-04-10,24.0,24.0,7.3575,0.0
2013-04-18.4,2.0,u27,2013-04-18,2013-04-18,24.0,24.0,,1.0
2013-04-18.5,3.0,u27,2013-04-18,2013-04-18,24.0,24.0,,1.0
2013-04-17.4,2.0,u27,2013-04-17,2013-04-17,24.0,24.0,5.188055555555556,0.0
2013-04-29.1,2.0,u27,2013-04-29,2013-04-29,24.0,24.0,7.230833333333333,0.0
2013-04-03.10,2.0,u51,2013-04-03,2013-04-03,24.0,24.0,1.8441666666666665,0.0
2013-04-04.11,1.0,u51,2013-04-04,2013-04-04,24.0,24.0,3.994444444444445,0.0
2013-04-05.8,1.0,u51,2013-04-05,2013-04-05,26.0,24.0,3.770555555555556,0.0
2013-04-06.5,1.0,u51,2013-04-06,2013-04-06,24.0,24.0,6.457777777777778,0.0
2013-04-06.6,4.0,u51,2013-04-06,2013-04-06,24.0,24.0,6.457777777777778,0.0
2013-04-08.9,1.0,u51,2013-04-08,2013-04-08,24.0,24.0,2.0444444444444443,1.0
2013-04-09.6,1.0,u51,2013-04-09,2013-04-09,27.0,24.0,3.096111111111111,1.0
2013-04-13.4,1.0,u51,2013-04-13,2013-04-13,24.0,24.0,2.1119444444444446,0.0
2013-04-15.6,2.0,u51,2013-04-15,2013-04-15,24.0,25.0,3.0744444444444445,1.0
2013-04-16.4,1.0,u51,2013-04-16,2013-04-16,24.0,24.0,2.4722222222222223,0.0
2013-04-16.5,2.0,u51,2013-04-16,2013-04-16,24.0,24.0,2.4722222222222223,0.0
2013-04-17.5,1.0,u51,2013-04-17,2013-04-17,24.0,23.0,3.6608333333333336,0.0
2013-05-03.2,2.0,u51,2013-05-03,2013-05-03,24.0,24.0,4.039166666666667,0.0
2013-05-20,2.0,u51,2013-05-20,2013-05-20,24.0,24.0,1.9677777777777776,0.0
2013-05-21,2.0,u51,2013-05-21,2013-05-21,24.0,24.0,8.127777777777778,0.0
2013-04-01.2,1.0,u59,2013-04-01,2013-04-01,24.0,24.0,9.725555555555555,2.0
2013-04-01.3,4.0,u59,2013-04-01,2013-04-01,24.0,24.0,9.725555555555555,2.0
2013-04-01.4,5.0,u59,2013-04-01,2013-04-01,24.0,24.0,9.725555555555555,2.0
2013-03-27.3,1.0,u59,2013-03-27,2013-03-27,25.0,61.0,4.373888888888889,0.0
2013-03-27.3,1.0,u59,2013-03-27,2013-03-27,25.0,61.0,4.373888888888889,0.0
2013-03-27.4,4.0,u59,2013-03-27,2013-03-27,25.0,61.0,4.373888888888889,0.0
2013-03-27.4,4.0,u59,2013-03-27,2013-03-27,25.0,61.0,4.373888888888889,0.0
2013-03-27.5,2.0,u59,2013-03-27,2013-03-27,25.0,61.0,4.373888888888889,0.0
2013-03-27.5,2.0,u59,2013-03-27,2013-03-27,25.0,61.0,4.373888888888889,0.0
2013-03-29.6,1.0,u59,2013-03-29,2013-03-29,25.0,80.0,6.176666666666667,1.0
2013-03-29.7,2.0,u59,2013-03-29,2013-03-29,25.0,80.0,6.176666666666667,1.0
2013-03-29.8,4.0,u59,2013-03-29,2013-03-29,25.0,80.0,6.176666666666667,1.0
2013-03-28.6,1.0,u59,2013-03-28,2013-03-28,27.0,41.0,7.888611111111111,0.0
2013-03-28.7,4.0,u59,2013-03-28,2013-03-28,27.0,41.0,7.888611111111111,0.0
2013-03-28.8,5.0,u59,2013-03-28,2013-03-28,27.0,41.0,7.888611111111111,0.0
2013-03-30.3,5.0,u59,2013-03-30,2013-03-30,30.0,75.0,9.024166666666666,0.0
2013-03-30.4,1.0,u59,2013-03-30,2013-03-30,30.0,75.0,9.024166666666666,0.0
2013-03-30.5,4.0,u59,2013-03-30,2013-03-30,30.0,75.0,9.024166666666666,0.0
2013-03-31.6,4.0,u59,2013-03-31,2013-03-31,24.0,24.0,4.0225,0.0
2013-03-31.7,1.0,u59,2013-03-31,2013-03-31,24.0,24.0,4.0225,0.0
2013-04-02.6,1.0,u59,2013-04-02,2013-04-02,24.0,24.0,8.233888888888888,0.0
2013-04-02.7,4.0,u59,2013-04-02,2013-04-02,24.0,24.0,8.233888888888888,0.0
2013-04-03.11,5.0,u59,2013-04-03,2013-04-03,24.0,24.0,12.184722222222222,0.0
2013-04-03.12,1.0,u59,2013-04-03,2013-04-03,24.0,24.0,12.184722222222222,0.0
2013-04-03.13,4.0,u59,2013-04-03,2013-04-03,24.0,24.0,12.184722222222222,0.0
2013-04-04.12,5.0,u59,2013-04-04,2013-04-04,74.0,380.0,9.180555555555555,0.0
2013-04-04.13,1.0,u59,2013-04-04,2013-04-04,74.0,380.0,9.180555555555555,0.0
2013-04-04.14,4.0,u59,2013-04-04,2013-04-04,74.0,380.0,9.180555555555555,0.0
2013-04-05.9,1.0,u59,2013-04-05,2013-04-05,59.0,100.0,8.617222222222223,2.0
2013-04-05.10,2.0,u59,2013-04-05,2013-04-05,59.0,100.0,8.617222222222223,2.0
2013-04-05.11,3.0,u59,2013-04-05,2013-04-05,59.0,100.0,8.617222222222223,2.0
2013-04-05.12,4.0,u59,2013-04-05,2013-04-05,59.0,100.0,8.617222222222223,2.0
2013-04-08.10,1.0,u59,2013-04-08,2013-04-08,30.0,46.0,6.028611111111111,3.0
2013-04-08.11,3.0,u59,2013-04-08,2013-04-08,30.0,46.0,6.028611111111111,3.0
2013-04-07.6,1.0,u59,2013-04-07,2013-04-07,25.0,64.0,1.255,0.0
2013-04-07.7,5.0,u59,2013-04-07,2013-04-07,25.0,64.0,1.255,0.0
2013-04-07.8,4.0,u59,2013-04-07,2013-04-07,25.0,64.0,1.255,0.0
2013-04-11.5,5.0,u59,2013-04-11,2013-04-11,30.0,108.0,2.883611111111111,1.0
2013-04-11.6,4.0,u59,2013-04-11,2013-04-11,30.0,108.0,2.883611111111111,1.0
2013-04-11.7,1.0,u59,2013-04-11,2013-04-11,30.0,108.0,2.883611111111111,1.0
2013-04-09.7,5.0,u59,2013-04-09,2013-04-09,27.0,64.0,5.816111111111111,1.0
2013-04-09.8,1.0,u59,2013-04-09,2013-04-09,27.0,64.0,5.816111111111111,1.0
2013-04-10.5,5.0,u59,2013-04-10,2013-04-10,31.0,77.0,3.3694444444444445,1.0
2013-04-10.6,1.0,u59,2013-04-10,2013-04-10,31.0,77.0,3.3694444444444445,1.0
2013-04-12.7,1.0,u59,2013-04-12,2013-04-12,25.0,91.0,5.848888888888889,2.0
2013-04-12.8,4.0,u59,2013-04-12,2013-04-12,25.0,91.0,5.848888888888889,2.0
2013-04-12.9,2.0,u59,2013-04-12,2013-04-12,25.0,91.0,5.848888888888889,2.0
2013-04-15.7,1.0,u59,2013-04-15,2013-04-15,25.0,296.0,7.450555555555556,3.0
2013-04-15.8,2.0,u59,2013-04-15,2013-04-15,25.0,296.0,7.450555555555556,3.0
2013-04-13.5,4.0,u59,2013-04-13,2013-04-13,29.0,159.0,5.351111111111111,0.0
2013-04-16.6,4.0,u59,2013-04-16,2013-04-16,13.0,128.0,4.721666666666667,1.0
2013-04-16.7,1.0,u59,2013-04-16,2013-04-16,13.0,128.0,4.721666666666667,1.0
2013-04-17.6,2.0,u59,2013-04-17,2013-04-17,26.0,99.0,4.3975,1.0
2013-04-17.7,1.0,u59,2013-04-17,2013-04-17,26.0,99.0,4.3975,1.0
2013-04-17.8,4.0,u59,2013-04-17,2013-04-17,26.0,99.0,4.3975,1.0
2013-04-18.6,1.0,u59,2013-04-18,2013-04-18,27.0,143.0,8.277222222222223,1.0
2013-04-18.7,4.0,u59,2013-04-18,2013-04-18,27.0,143.0,8.277222222222223,1.0
2013-04-19,1.0,u59,2013-04-19,2013-04-19,24.0,128.0,10.507222222222222,2.0
2013-04-19.1,4.0,u59,2013-04-19,2013-04-19,24.0,128.0,10.507222222222222,2.0
2013-04-19.2,5.0,u59,2013-04-19,2013-04-19,24.0,128.0,10.507222222222222,2.0
2013-04-20,4.0,u59,2013-04-20,2013-04-20,28.0,111.0,6.1825,0.0
2013-04-20.1,1.0,u59,2013-04-20,2013-04-20,28.0,111.0,6.1825,0.0
2013-04-29.2,1.0,u59,2013-04-29,2013-04-29,24.0,42.0,7.97,2.0
2013-04-29.3,2.0,u59,2013-04-29,2013-04-29,24.0,42.0,7.97,2.0
2013-04-29.4,4.0,u59,2013-04-29,2013-04-29,24.0,42.0,7.97,2.0
2013-04-22.3,1.0,u59,2013-04-22,2013-04-22,23.0,25.0,5.166944444444445,3.0
2013-04-23.1,1.0,u59,2013-04-23,2013-04-23,25.0,39.0,13.378333333333334,1.0
2013-04-23.2,3.0,u59,2013-04-23,2013-04-23,25.0,39.0,13.378333333333334,1.0
2013-04-24,1.0,u59,2013-04-24,2013-04-24,21.0,36.0,4.219722222222222,0.0
2013-04-24.1,4.0,u59,2013-04-24,2013-04-24,21.0,36.0,4.219722222222222,0.0
2013-04-25,4.0,u59,2013-04-25,2013-04-25,23.0,39.0,9.632222222222222,1.0
2013-04-25.1,1.0,u59,2013-04-25,2013-04-25,23.0,39.0,9.632222222222222,1.0
2013-04-30.2,3.0,u59,2013-04-30,2013-04-30,24.0,50.0,13.432222222222222,2.0
2013-05-02,4.0,u59,2013-05-02,2013-05-02,28.0,50.0,15.5925,1.0
2013-05-02.1,1.0,u59,2013-05-02,2013-05-02,28.0,50.0,15.5925,1.0
2013-05-03.3,4.0,u59,2013-05-03,2013-05-03,26.0,76.0,11.717777777777778,2.0
2013-05-03.4,1.0,u59,2013-05-03,2013-05-03,26.0,76.0,11.717777777777778,2.0
2013-05-09.1,4.0,u59,2013-05-09,2013-05-09,21.0,45.0,6.687222222222222,1.0
2013-05-06.2,1.0,u59,2013-05-06,2013-05-06,25.0,45.0,5.700833333333334,2.0
2013-05-06.3,4.0,u59,2013-05-06,2013-05-06,25.0,45.0,5.700833333333334,2.0
2013-05-12,3.0,u59,2013-05-12,2013-05-12,30.0,51.0,3.939722222222223,0.0
2013-05-07,1.0,u59,2013-05-07,2013-05-07,24.0,37.0,4.605555555555555,2.0
2013-05-07.1,4.0,u59,2013-05-07,2013-05-07,24.0,37.0,4.605555555555555,2.0
2013-05-11,3.0,u59,2013-05-11,2013-05-11,24.0,48.0,0.3761111111111111,0.0
2013-05-11.1,2.0,u59,2013-05-11,2013-05-11,24.0,48.0,0.3761111111111111,0.0
2013-05-15,2.0,u59,2013-05-15,2013-05-15,37.0,66.0,4.8225,0.0
2013-05-18,4.0,u59,2013-05-18,2013-05-18,19.0,54.0,9.031944444444443,0.0
2013-05-18.1,1.0,u59,2013-05-18,2013-05-18,19.0,54.0,9.031944444444443,0.0
2013-05-19.1,4.0,u59,2013-05-19,2013-05-19,25.0,44.0,5.890555555555555,0.0
2013-05-21.1,1.0,u59,2013-05-21,2013-05-21,23.0,33.0,8.710833333333333,0.0
2013-05-21.2,4.0,u59,2013-05-21,2013-05-21,23.0,33.0,8.710833333333333,0.0
2013-05-23,4.0,u59,2013-05-23,2013-05-23,13.0,15.0,3.2980555555555555,0.0
2013-05-27,2.0,u59,2013-05-27,2013-05-27,24.0,51.0,6.678888888888889,0.0
2013-05-27.1,4.0,u59,2013-05-27,2013-05-27,24.0,51.0,6.678888888888889,0.0
2013-05-24,1.0,u59,2013-05-24,2013-05-24,24.0,40.0,8.338333333333333,1.0
2013-05-30,5.0,u59,2013-05-30,2013-05-30,25.0,49.0,5.814722222222223,0.0
2013-05-30.1,2.0,u59,2013-05-30,2013-05-30,25.0,49.0,5.814722222222223,0.0
2013-05-26,4.0,u59,2013-05-26,2013-05-26,22.0,35.0,3.945555555555556,0.0
2013-05-29,2.0,u59,2013-05-29,2013-05-29,23.0,49.0,9.31277777777778,1.0
2013-06-01,1.0,u59,2013-06-01,2013-06-01,17.0,45.0,1.788333333333333,0.0
2013-06-01.1,5.0,u59,2013-06-01,2013-06-01,17.0,45.0,1.788333333333333,0.0
2013-06-06,4.0,u59,2013-06-06,2013-06-06,23.0,37.0,,
2013-06-02,4.0,u59,2013-06-02,2013-06-02,22.0,22.0,,0.0
2013-06-04,4.0,u59,2013-06-04,2013-06-04,22.0,23.0,,0.0
2013-06-07,4.0,u59,2013-06-07,2013-06-07,24.0,33.0,,
2013-04-01.5,1.0,u10,2013-04-01,2013-04-01,24.0,24.0,4.357777777777778,0.0
2013-04-01.6,4.0,u10,2013-04-01,2013-04-01,24.0,24.0,4.357777777777778,0.0
2013-04-03.14,4.0,u10,2013-04-03,2013-04-03,24.0,24.0,5.576666666666667,0.0
2013-04-03.15,1.0,u10,2013-04-03,2013-04-03,24.0,24.0,5.576666666666667,0.0
2013-04-03.16,5.0,u10,2013-04-03,2013-04-03,24.0,24.0,5.576666666666667,0.0
2013-03-30.6,2.0,u10,2013-03-30,2013-03-30,24.0,24.0,3.9588888888888887,0.0
2013-03-30.7,1.0,u10,2013-03-30,2013-03-30,24.0,24.0,3.9588888888888887,0.0
2013-03-30.8,4.0,u10,2013-03-30,2013-03-30,24.0,24.0,3.9588888888888887,0.0
2013-03-31.8,1.0,u10,2013-03-31,2013-03-31,24.0,24.0,0.9158333333333332,1.0
2013-03-31.9,4.0,u10,2013-03-31,2013-03-31,24.0,24.0,0.9158333333333332,1.0
2013-04-02.8,4.0,u10,2013-04-02,2013-04-02,24.0,24.0,8.315277777777778,0.0
2013-04-02.9,1.0,u10,2013-04-02,2013-04-02,24.0,24.0,8.315277777777778,0.0
2013-04-04.15,4.0,u10,2013-04-04,2013-04-04,24.0,24.0,7.034166666666667,0.0
2013-04-04.16,1.0,u10,2013-04-04,2013-04-04,24.0,24.0,7.034166666666667,0.0
2013-04-08.12,1.0,u10,2013-04-08,2013-04-08,24.0,24.0,4.283055555555555,1.0
2013-04-08.13,5.0,u10,2013-04-08,2013-04-08,24.0,24.0,4.283055555555555,1.0
2013-04-08.14,4.0,u10,2013-04-08,2013-04-08,24.0,24.0,4.283055555555555,1.0
2013-04-05.13,1.0,u10,2013-04-05,2013-04-05,24.0,24.0,6.128333333333333,0.0
2013-04-05.14,2.0,u10,2013-04-05,2013-04-05,24.0,24.0,6.128333333333333,0.0
2013-04-07.9,1.0,u10,2013-04-07,2013-04-07,24.0,24.0,2.551111111111111,1.0
2013-04-07.10,4.0,u10,2013-04-07,2013-04-07,24.0,24.0,2.551111111111111,1.0
2013-04-06.7,2.0,u10,2013-04-06,2013-04-06,24.0,24.0,3.3497222222222223,0.0
2013-04-06.8,4.0,u10,2013-04-06,2013-04-06,24.0,24.0,3.3497222222222223,0.0
2013-04-09.9,4.0,u10,2013-04-09,2013-04-09,24.0,24.0,4.910277777777778,0.0
2013-04-09.10,5.0,u10,2013-04-09,2013-04-09,24.0,24.0,4.910277777777778,0.0
2013-04-09.11,1.0,u10,2013-04-09,2013-04-09,24.0,24.0,4.910277777777778,0.0
2013-04-10.7,4.0,u10,2013-04-10,2013-04-10,24.0,24.0,5.743333333333333,0.0
2013-04-10.8,1.0,u10,2013-04-10,2013-04-10,24.0,24.0,5.743333333333333,0.0
2013-04-11.8,1.0,u10,2013-04-11,2013-04-11,24.0,24.0,6.316666666666666,0.0
2013-04-11.9,4.0,u10,2013-04-11,2013-04-11,24.0,24.0,6.316666666666666,0.0
2013-04-11.10,2.0,u10,2013-04-11,2013-04-11,24.0,24.0,6.316666666666666,0.0
2013-04-12.10,4.0,u10,2013-04-12,2013-04-12,24.0,24.0,3.3708333333333336,0.0
2013-04-12.11,1.0,u10,2013-04-12,2013-04-12,24.0,24.0,3.3708333333333336,0.0
2013-04-13.6,1.0,u10,2013-04-13,2013-04-13,24.0,24.0,1.3480555555555556,0.0
2013-04-17.9,2.0,u10,2013-04-17,2013-04-17,24.0,24.0,4.509444444444444,1.0
2013-04-17.10,1.0,u10,2013-04-17,2013-04-17,24.0,24.0,4.509444444444444,1.0
2013-04-16.8,1.0,u10,2013-04-16,2013-04-16,24.0,24.0,7.841944444444445,1.0
2013-04-15.9,1.0,u10,2013-04-15,2013-04-15,24.0,24.0,5.661111111111111,1.0
2013-04-15.10,2.0,u10,2013-04-15,2013-04-15,24.0,24.0,5.661111111111111,1.0
2013-04-18.8,4.0,u10,2013-04-18,2013-04-18,24.0,24.0,4.629722222222222,0.0
2013-04-18.9,1.0,u10,2013-04-18,2013-04-18,24.0,24.0,4.629722222222222,0.0
2013-04-21,4.0,u10,2013-04-21,2013-04-21,24.0,24.0,2.7816666666666667,0.0
2013-04-23.3,4.0,u10,2013-04-23,2013-04-23,24.0,24.0,5.783888888888889,0.0
2013-04-23.4,1.0,u10,2013-04-23,2013-04-23,24.0,24.0,5.783888888888889,0.0
2013-04-23.5,2.0,u10,2013-04-23,2013-04-23,24.0,24.0,5.783888888888889,0.0
2013-04-22.4,4.0,u10,2013-04-22,2013-04-22,24.0,24.0,4.428611111111112,1.0
2013-04-27,4.0,u10,2013-04-27,2013-04-27,24.0,24.0,2.348888888888889,0.0
2013-04-26.1,1.0,u10,2013-04-26,2013-04-26,24.0,24.0,8.100555555555555,0.0
2013-04-26.2,2.0,u10,2013-04-26,2013-04-26,24.0,24.0,8.100555555555555,0.0
2013-04-29.5,3.0,u10,2013-04-29,2013-04-29,24.0,24.0,4.5633333333333335,0.0
2013-04-29.6,4.0,u10,2013-04-29,2013-04-29,24.0,24.0,4.5633333333333335,0.0
2013-04-30.3,1.0,u10,2013-04-30,2013-04-30,24.0,24.0,3.2802777777777776,2.0
2013-04-30.4,4.0,u10,2013-04-30,2013-04-30,24.0,24.0,3.2802777777777776,2.0
2013-05-02.2,1.0,u10,2013-05-02,2013-05-02,24.0,24.0,5.442777777777778,0.0
2013-05-08.1,1.0,u10,2013-05-08,2013-05-08,24.0,24.0,6.64638888888889,1.0
2013-05-07.2,1.0,u10,2013-05-07,2013-05-07,24.0,24.0,4.958055555555555,2.0
2013-05-03.5,1.0,u10,2013-05-03,2013-05-03,24.0,24.0,4.889166666666666,0.0
2013-03-30.9,1.0,u08,2013-03-30,2013-03-30,27.0,31.0,4.723055555555556,0.0
2013-03-27.6,2.0,u08,2013-03-27,2013-03-27,26.0,49.0,4.340277777777778,0.0
2013-03-27.6,2.0,u08,2013-03-27,2013-03-27,26.0,49.0,4.340277777777778,0.0
2013-03-27.7,1.0,u08,2013-03-27,2013-03-27,26.0,49.0,4.340277777777778,0.0
2013-03-27.7,1.0,u08,2013-03-27,2013-03-27,26.0,49.0,4.340277777777778,0.0
2013-03-27.8,4.0,u08,2013-03-27,2013-03-27,26.0,49.0,4.340277777777778,0.0
2013-03-27.8,4.0,u08,2013-03-27,2013-03-27,26.0,49.0,4.340277777777778,0.0
2013-03-28.9,3.0,u08,2013-03-28,2013-03-28,24.0,40.0,5.4575,0.0
2013-03-28.10,1.0,u08,2013-03-28,2013-03-28,24.0,40.0,5.4575,0.0
2013-03-28.11,2.0,u08,2013-03-28,2013-03-28,24.0,40.0,5.4575,0.0
2013-03-28.12,4.0,u08,2013-03-28,2013-03-28,24.0,40.0,5.4575,0.0
2013-03-29.9,1.0,u08,2013-03-29,2013-03-29,25.0,51.0,5.464444444444444,0.0
2013-03-29.10,2.0,u08,2013-03-29,2013-03-29,25.0,51.0,5.464444444444444,0.0
2013-04-02.10,1.0,u08,2013-04-02,2013-04-02,37.0,44.0,5.371111111111111,0.0
2013-03-31.10,1.0,u08,2013-03-31,2013-03-31,25.0,35.0,2.29,0.0
2013-04-01.7,3.0,u08,2013-04-01,2013-04-01,33.0,61.0,7.830277777777778,0.0
2013-04-01.8,2.0,u08,2013-04-01,2013-04-01,33.0,61.0,7.830277777777778,0.0
2013-04-01.9,1.0,u08,2013-04-01,2013-04-01,33.0,61.0,7.830277777777778,0.0
2013-04-03.17,1.0,u08,2013-04-03,2013-04-03,23.0,77.0,6.762777777777778,0.0
2013-04-04.17,1.0,u08,2013-04-04,2013-04-04,27.0,150.0,4.511388888888889,0.0
2013-04-05.15,1.0,u08,2013-04-05,2013-04-05,25.0,36.0,10.4825,0.0
2013-04-05.16,3.0,u08,2013-04-05,2013-04-05,25.0,36.0,10.4825,0.0
2013-04-07.11,1.0,u08,2013-04-07,2013-04-07,31.0,38.0,9.20111111111111,0.0
2013-04-08.15,1.0,u08,2013-04-08,2013-04-08,33.0,30.0,7.049166666666667,1.0
2013-04-15.11,2.0,u08,2013-04-15,2013-04-15,26.0,46.0,8.956388888888888,1.0
2013-04-15.12,3.0,u08,2013-04-15,2013-04-15,26.0,46.0,8.956388888888888,1.0
2013-04-10.9,3.0,u08,2013-04-10,2013-04-10,34.0,97.0,7.525833333333333,0.0
2013-04-12.12,2.0,u08,2013-04-12,2013-04-12,28.0,26.0,6.683055555555556,1.0
2013-04-14.5,2.0,u08,2013-04-14,2013-04-14,26.0,41.0,4.901666666666666,0.0
2013-04-16.9,2.0,u08,2013-04-16,2013-04-16,30.0,71.0,3.948055555555555,0.0
2013-04-18.10,3.0,u08,2013-04-18,2013-04-18,29.0,152.0,7.068888888888889,0.0
2013-04-18.11,2.0,u08,2013-04-18,2013-04-18,29.0,152.0,7.068888888888889,0.0
2013-04-20.2,2.0,u08,2013-04-20,2013-04-20,35.0,89.0,3.854444444444444,0.0
2013-04-25.2,3.0,u08,2013-04-25,2013-04-25,32.0,102.0,6.7425,0.0
2013-04-21.1,3.0,u08,2013-04-21,2013-04-21,25.0,189.0,4.258055555555556,0.0
2013-04-23.6,2.0,u08,2013-04-23,2013-04-23,24.0,68.0,6.994722222222222,1.0
2013-04-27.1,3.0,u08,2013-04-27,2013-04-27,30.0,56.0,3.7516666666666665,0.0
2013-05-01.2,3.0,u08,2013-05-01,2013-05-01,30.0,45.0,7.259722222222223,0.0
2013-05-01.3,1.0,u08,2013-05-01,2013-05-01,30.0,45.0,7.259722222222223,0.0
2013-05-01.4,2.0,u08,2013-05-01,2013-05-01,30.0,45.0,7.259722222222223,0.0
2013-05-05,3.0,u08,2013-05-05,2013-05-05,26.0,40.0,4.8275,0.0
2013-05-09.2,2.0,u08,2013-05-09,2013-05-09,26.0,43.0,5.655555555555555,0.0
2013-05-07.3,2.0,u08,2013-05-07,2013-05-07,26.0,62.0,5.329722222222222,2.0
2013-05-19.2,2.0,u08,2013-05-19,2013-05-19,25.0,41.0,4.875555555555556,0.0
2013-05-23.1,2.0,u08,2013-05-23,2013-05-23,24.0,42.0,9.760277777777778,0.0
2013-04-03.18,1.0,u32,2013-04-03,2013-04-03,24.0,24.0,6.556388888888889,0.0
2013-03-31.11,4.0,u32,2013-03-31,2013-03-31,24.0,24.0,12.131388888888887,0.0
2013-04-01.10,1.0,u32,2013-04-01,2013-04-01,24.0,24.0,7.257777777777778,0.0
2013-04-04.18,1.0,u32,2013-04-04,2013-04-04,24.0,24.0,10.734166666666669,0.0
2013-04-04.19,4.0,u32,2013-04-04,2013-04-04,24.0,24.0,10.734166666666669,0.0
2013-04-08.16,4.0,u32,2013-04-08,2013-04-08,24.0,24.0,7.046944444444445,1.0
2013-04-08.17,1.0,u32,2013-04-08,2013-04-08,24.0,24.0,7.046944444444445,1.0
2013-04-06.9,4.0,u32,2013-04-06,2013-04-06,24.0,24.0,8.001111111111111,0.0
2013-04-05.17,1.0,u32,2013-04-05,2013-04-05,24.0,24.0,7.983611111111111,1.0
2013-04-07.12,4.0,u32,2013-04-07,2013-04-07,24.0,24.0,9.604166666666666,0.0
2013-04-17.11,1.0,u32,2013-04-17,2013-04-17,24.0,24.0,5.254722222222222,1.0
2013-04-17.12,4.0,u32,2013-04-17,2013-04-17,24.0,24.0,5.254722222222222,1.0
2013-04-09.12,4.0,u32,2013-04-09,2013-04-09,24.0,24.0,7.360555555555555,0.0
2013-04-10.10,4.0,u32,2013-04-10,2013-04-10,24.0,24.0,10.104722222222222,0.0
2013-04-16.10,1.0,u32,2013-04-16,2013-04-16,24.0,24.0,5.320833333333334,0.0
2013-04-11.11,1.0,u32,2013-04-11,2013-04-11,24.0,24.0,12.917222222222222,1.0
2013-04-12.13,4.0,u32,2013-04-12,2013-04-12,24.0,24.0,12.091944444444444,1.0
2013-04-13.7,4.0,u32,2013-04-13,2013-04-13,24.0,24.0,8.323888888888888,0.0
2013-04-14.6,1.0,u32,2013-04-14,2013-04-14,24.0,24.0,9.481111111111112,0.0
2013-04-15.13,1.0,u32,2013-04-15,2013-04-15,24.0,24.0,7.540277777777778,1.0
2013-04-18.12,4.0,u32,2013-04-18,2013-04-18,24.0,24.0,1.6955555555555557,0.0
2013-04-20.3,4.0,u32,2013-04-20,2013-04-20,24.0,24.0,9.405555555555557,0.0
2013-04-24.2,4.0,u32,2013-04-24,2013-04-24,16.0,16.0,6.832777777777777,0.0
2013-04-22.5,1.0,u32,2013-04-22,2013-04-22,24.0,24.0,10.025277777777776,1.0
2013-04-22.6,4.0,u32,2013-04-22,2013-04-22,24.0,24.0,10.025277777777776,1.0
2013-04-23.7,4.0,u32,2013-04-23,2013-04-23,24.0,24.0,7.1525,0.0
2013-04-26.3,1.0,u32,2013-04-26,2013-04-26,24.0,24.0,10.346944444444444,1.0
2013-04-28,1.0,u32,2013-04-28,2013-04-28,24.0,24.0,8.899444444444445,0.0
2013-04-29.7,1.0,u32,2013-04-29,2013-04-29,24.0,24.0,6.435555555555556,0.0
2013-04-30.5,4.0,u32,2013-04-30,2013-04-30,24.0,24.0,,1.0
2013-04-30.6,1.0,u32,2013-04-30,2013-04-30,24.0,24.0,,1.0
2013-05-10,1.0,u32,2013-05-10,2013-05-10,24.0,24.0,8.506944444444445,1.0
2013-05-06.4,1.0,u32,2013-05-06,2013-05-06,22.0,22.0,5.800833333333333,1.0
2013-05-08.2,1.0,u32,2013-05-08,2013-05-08,24.0,24.0,5.718888888888889,0.0
2013-05-14,1.0,u32,2013-05-14,2013-05-14,24.0,24.0,2.6619444444444444,0.0
2013-05-18.2,5.0,u32,2013-05-18,2013-05-18,,,8.164722222222222,0.0
2013-05-22,1.0,u32,2013-05-22,2013-05-22,,,9.178333333333333,0.0
2013-05-27.2,4.0,u32,2013-05-27,2013-05-27,,,3.681111111111111,0.0
2013-03-27.9,4.0,u05,2013-03-27,2013-03-27,24.0,24.0,5.378333333333333,0.0
2013-03-27.9,4.0,u05,2013-03-27,2013-03-27,24.0,24.0,5.378333333333333,0.0
2013-03-27.10,5.0,u05,2013-03-27,2013-03-27,24.0,24.0,5.378333333333333,0.0
2013-03-27.10,5.0,u05,2013-03-27,2013-03-27,24.0,24.0,5.378333333333333,0.0
2013-03-28.13,4.0,u05,2013-03-28,2013-03-28,24.0,24.0,6.418333333333333,0.0
2013-03-28.14,1.0,u05,2013-03-28,2013-03-28,24.0,24.0,6.418333333333333,0.0
2013-03-30.10,4.0,u05,2013-03-30,2013-03-30,24.0,24.0,8.305833333333334,0.0
2013-03-31.12,1.0,u05,2013-03-31,2013-03-31,24.0,24.0,6.406944444444445,1.0
2013-03-30.11,4.0,u07,2013-03-30,2013-03-30,24.0,24.0,2.939722222222222,0.0
2013-03-30.12,5.0,u07,2013-03-30,2013-03-30,24.0,24.0,2.939722222222222,0.0
2013-03-27.11,2.0,u07,2013-03-27,2013-03-27,24.0,24.0,7.9847222222222225,0.0
2013-03-27.11,2.0,u07,2013-03-27,2013-03-27,24.0,24.0,7.9847222222222225,0.0
2013-03-27.12,4.0,u07,2013-03-27,2013-03-27,24.0,24.0,7.9847222222222225,0.0
2013-03-27.12,4.0,u07,2013-03-27,2013-03-27,24.0,24.0,7.9847222222222225,0.0
2013-03-27.13,1.0,u07,2013-03-27,2013-03-27,24.0,24.0,7.9847222222222225,0.0
2013-03-27.13,1.0,u07,2013-03-27,2013-03-27,24.0,24.0,7.9847222222222225,0.0
2013-03-28.15,1.0,u07,2013-03-28,2013-03-28,24.0,24.0,8.554166666666667,0.0
2013-03-28.16,4.0,u07,2013-03-28,2013-03-28,24.0,24.0,8.554166666666667,0.0
2013-03-29.11,4.0,u07,2013-03-29,2013-03-29,24.0,24.0,4.893888888888889,0.0
2013-03-29.12,1.0,u07,2013-03-29,2013-03-29,24.0,24.0,4.893888888888889,0.0
2013-03-31.13,4.0,u07,2013-03-31,2013-03-31,24.0,24.0,4.566944444444444,0.0
2013-03-31.14,5.0,u07,2013-03-31,2013-03-31,24.0,24.0,4.566944444444444,0.0
2013-03-31.15,1.0,u07,2013-03-31,2013-03-31,24.0,24.0,4.566944444444444,0.0
2013-04-01.11,5.0,u07,2013-04-01,2013-04-01,24.0,24.0,7.2666666666666675,1.0
2013-04-01.12,4.0,u07,2013-04-01,2013-04-01,24.0,24.0,7.2666666666666675,1.0
2013-04-03.19,4.0,u07,2013-04-03,2013-04-03,24.0,24.0,9.789722222222222,0.0
2013-04-04.20,4.0,u07,2013-04-04,2013-04-04,24.0,24.0,9.140833333333331,0.0
2013-04-05.18,5.0,u07,2013-04-05,2013-04-05,22.0,22.0,9.803333333333333,0.0
2013-04-08.18,4.0,u07,2013-04-08,2013-04-08,22.0,22.0,10.308333333333334,2.0
2013-04-11.12,4.0,u07,2013-04-11,2013-04-11,24.0,24.0,9.077222222222222,0.0
2013-04-11.13,1.0,u07,2013-04-11,2013-04-11,24.0,24.0,9.077222222222222,0.0
2013-04-12.14,1.0,u07,2013-04-12,2013-04-12,24.0,24.0,6.426111111111111,0.0
2013-04-12.15,4.0,u07,2013-04-12,2013-04-12,24.0,24.0,6.426111111111111,0.0
2013-04-13.8,4.0,u07,2013-04-13,2013-04-13,24.0,24.0,4.111111111111111,0.0
2013-04-17.13,4.0,u07,2013-04-17,2013-04-17,24.0,24.0,6.353055555555556,0.0
2013-04-15.14,2.0,u07,2013-04-15,2013-04-15,23.0,23.0,4.081388888888888,2.0
2013-04-23.8,4.0,u07,2013-04-23,2013-04-23,24.0,24.0,,0.0
2013-04-23.9,5.0,u07,2013-04-23,2013-04-23,24.0,24.0,,0.0
2013-03-31.16,1.0,u03,2013-03-31,2013-03-31,24.0,24.0,,0.0
2013-03-31.17,4.0,u03,2013-03-31,2013-03-31,24.0,24.0,,0.0
2013-03-31.18,5.0,u03,2013-03-31,2013-03-31,24.0,24.0,,0.0
2013-03-27.14,4.0,u03,2013-03-27,2013-03-27,24.0,24.0,4.083611111111111,0.0
2013-03-27.14,4.0,u03,2013-03-27,2013-03-27,24.0,24.0,4.083611111111111,0.0
2013-03-27.15,5.0,u03,2013-03-27,2013-03-27,24.0,24.0,4.083611111111111,0.0
2013-03-27.15,5.0,u03,2013-03-27,2013-03-27,24.0,24.0,4.083611111111111,0.0
2013-04-04.21,5.0,u03,2013-04-04,2013-04-04,24.0,24.0,,0.0
2013-04-05.19,5.0,u03,2013-04-05,2013-04-05,24.0,24.0,2.961388888888889,0.0
2013-04-07.13,1.0,u03,2013-04-07,2013-04-07,24.0,24.0,,0.0
2013-04-08.19,5.0,u03,2013-04-08,2013-04-08,24.0,24.0,3.274722222222222,2.0
2013-04-09.13,1.0,u03,2013-04-09,2013-04-09,24.0,24.0,0.0527777777777777,0.0
2013-04-21.2,2.0,u03,2013-04-21,2013-04-21,24.0,24.0,4.365277777777778,0.0
2013-04-23.10,1.0,u03,2013-04-23,2013-04-23,24.0,24.0,0.6441666666666667,0.0
2013-04-29.8,3.0,u03,2013-04-29,2013-04-29,24.0,24.0,1.4761111111111112,1.0
2013-04-29.9,4.0,u03,2013-04-29,2013-04-29,24.0,24.0,1.4761111111111112,1.0
2013-05-12.1,1.0,u03,2013-05-12,2013-05-12,24.0,24.0,0.0194444444444444,0.0
2013-04-08.20,,u13,2013-04-08,2013-04-08,24.0,24.0,0.9644444444444444,1.0
2013-04-03.20,4.0,u30,2013-04-03,2013-04-03,26.0,26.0,9.098333333333333,0.0
2013-03-29.13,4.0,u30,2013-03-29,2013-03-29,24.0,24.0,9.098611111111111,1.0
2013-03-29.14,1.0,u30,2013-03-29,2013-03-29,24.0,24.0,9.098611111111111,1.0
2013-03-31.19,4.0,u30,2013-03-31,2013-03-31,24.0,24.0,5.344722222222222,1.0
2013-03-31.20,1.0,u30,2013-03-31,2013-03-31,24.0,24.0,5.344722222222222,1.0
2013-04-06.10,4.0,u30,2013-04-06,2013-04-06,20.0,20.0,8.922222222222222,0.0
2013-04-06.11,5.0,u30,2013-04-06,2013-04-06,20.0,20.0,8.922222222222222,0.0
2013-04-06.12,1.0,u30,2013-04-06,2013-04-06,20.0,20.0,8.922222222222222,0.0
2013-04-07.14,2.0,u30,2013-04-07,2013-04-07,23.0,23.0,4.550277777777778,1.0
2013-04-10.11,5.0,u30,2013-04-10,2013-04-10,24.0,24.0,6.130555555555556,0.0
2013-04-10.12,4.0,u30,2013-04-10,2013-04-10,24.0,24.0,6.130555555555556,0.0
2013-04-11.14,4.0,u30,2013-04-11,2013-04-11,24.0,24.0,12.321944444444444,0.0
2013-04-13.9,4.0,u30,2013-04-13,2013-04-13,24.0,24.0,14.60138888888889,0.0
2013-04-16.11,4.0,u30,2013-04-16,2013-04-16,24.0,24.0,8.133055555555556,1.0
2013-04-15.15,4.0,u30,2013-04-15,2013-04-15,24.0,24.0,8.06638888888889,1.0
2013-04-17.14,1.0,u30,2013-04-17,2013-04-17,24.0,24.0,7.3225,0.0
2013-04-18.13,3.0,u30,2013-04-18,2013-04-18,24.0,24.0,9.060555555555556,0.0
2013-04-19.3,2.0,u30,2013-04-19,2013-04-19,24.0,24.0,7.861388888888889,1.0
2013-04-20.4,1.0,u30,2013-04-20,2013-04-20,24.0,24.0,13.628333333333334,0.0
2013-04-22.7,4.0,u30,2013-04-22,2013-04-22,24.0,24.0,6.8502777777777775,1.0
2013-04-26.4,1.0,u30,2013-04-26,2013-04-26,15.0,15.0,8.011666666666667,1.0
2013-04-25.3,4.0,u30,2013-04-25,2013-04-25,23.0,23.0,10.911944444444444,0.0
2013-04-29.10,1.0,u30,2013-04-29,2013-04-29,24.0,24.0,9.883611111111112,0.0
2013-05-03.6,4.0,u30,2013-05-03,2013-05-03,24.0,24.0,9.830833333333333,1.0
2013-03-29.15,1.0,u14,2013-03-29,2013-03-29,24.0,24.0,10.604444444444445,0.0
2013-03-30.13,1.0,u14,2013-03-30,2013-03-30,24.0,24.0,8.124722222222223,0.0
2013-04-01.13,2.0,u14,2013-04-01,2013-04-01,24.0,24.0,8.101111111111111,0.0
2013-04-03.21,2.0,u14,2013-04-03,2013-04-03,24.0,24.0,12.92388888888889,0.0
2013-04-04.22,2.0,u14,2013-04-04,2013-04-04,24.0,24.0,11.0975,0.0
2013-04-05.20,2.0,u14,2013-04-05,2013-04-05,24.0,24.0,7.709444444444444,0.0
2013-04-06.13,2.0,u14,2013-04-06,2013-04-06,24.0,24.0,8.6825,0.0
2013-04-09.14,2.0,u14,2013-04-09,2013-04-09,24.0,24.0,8.519166666666667,2.0
2013-04-10.13,2.0,u14,2013-04-10,2013-04-10,24.0,24.0,13.644722222222224,0.0
2013-04-12.16,2.0,u14,2013-04-12,2013-04-12,24.0,24.0,5.4158333333333335,0.0
2013-04-11.15,2.0,u14,2013-04-11,2013-04-11,24.0,24.0,9.369166666666668,1.0
2013-04-15.16,2.0,u14,2013-04-15,2013-04-15,24.0,24.0,6.223888888888889,1.0
2013-04-17.15,2.0,u14,2013-04-17,2013-04-17,24.0,24.0,6.551944444444445,0.0
2013-04-18.14,2.0,u14,2013-04-18,2013-04-18,24.0,24.0,6.202222222222222,2.0
2013-04-29.11,2.0,u14,2013-04-29,2013-04-29,24.0,24.0,13.438333333333333,0.0
2013-04-29.12,3.0,u14,2013-04-29,2013-04-29,24.0,24.0,13.438333333333333,0.0
2013-05-09.3,3.0,u14,2013-05-09,2013-05-09,24.0,24.0,7.673055555555555,0.0
2013-04-03.22,1.0,u12,2013-04-03,2013-04-03,32.0,25.0,8.894166666666667,0.0
2013-04-03.23,4.0,u12,2013-04-03,2013-04-03,32.0,25.0,8.894166666666667,0.0
2013-03-27.16,4.0,u12,2013-03-27,2013-03-27,30.0,33.0,5.875277777777778,1.0
2013-03-27.16,4.0,u12,2013-03-27,2013-03-27,30.0,33.0,5.875277777777778,1.0
2013-03-28.17,3.0,u12,2013-03-28,2013-03-28,25.0,24.0,5.793611111111111,0.0
2013-03-28.18,4.0,u12,2013-03-28,2013-03-28,25.0,24.0,5.793611111111111,0.0
2013-03-29.16,1.0,u12,2013-03-29,2013-03-29,25.0,40.0,8.345277777777778,0.0
2013-03-30.14,3.0,u12,2013-03-30,2013-03-30,26.0,35.0,5.941944444444444,0.0
2013-04-01.14,4.0,u12,2013-04-01,2013-04-01,24.0,30.0,6.477777777777778,0.0
2013-04-04.23,3.0,u12,2013-04-04,2013-04-04,31.0,28.0,5.569166666666667,0.0
2013-04-05.21,4.0,u12,2013-04-05,2013-04-05,34.0,151.0,9.478333333333332,0.0
2013-04-10.14,4.0,u12,2013-04-10,2013-04-10,23.0,31.0,6.877222222222223,1.0
2013-04-10.15,1.0,u12,2013-04-10,2013-04-10,23.0,31.0,6.877222222222223,1.0
2013-04-11.16,1.0,u12,2013-04-11,2013-04-11,30.0,40.0,4.193888888888889,0.0
2013-04-13.10,3.0,u12,2013-04-13,2013-04-13,28.0,27.0,2.953611111111111,0.0
2013-04-15.17,1.0,u12,2013-04-15,2013-04-15,26.0,34.0,5.164444444444444,1.0
2013-04-16.12,1.0,u12,2013-04-16,2013-04-16,26.0,25.0,4.618055555555555,1.0
2013-04-30.7,3.0,u12,2013-04-30,2013-04-30,24.0,24.0,3.196388888888889,2.0
2013-03-27.17,4.0,u57,2013-03-27,2013-03-27,24.0,28.0,4.606111111111111,0.0
2013-03-27.17,4.0,u57,2013-03-27,2013-03-27,24.0,28.0,4.606111111111111,0.0
2013-03-27.18,5.0,u57,2013-03-27,2013-03-27,24.0,28.0,4.606111111111111,0.0
2013-03-27.18,5.0,u57,2013-03-27,2013-03-27,24.0,28.0,4.606111111111111,0.0
2013-03-28.19,4.0,u57,2013-03-28,2013-03-28,24.0,30.0,8.728055555555557,0.0
2013-03-29.17,4.0,u57,2013-03-29,2013-03-29,24.0,29.0,7.653333333333333,0.0
2013-03-31.21,5.0,u57,2013-03-31,2013-03-31,23.0,36.0,6.840833333333333,0.0
2013-04-02.11,1.0,u57,2013-04-02,2013-04-02,24.0,30.0,5.266666666666667,0.0
2013-04-03.24,1.0,u57,2013-04-03,2013-04-03,24.0,28.0,5.143055555555556,0.0
2013-04-04.24,1.0,u57,2013-04-04,2013-04-04,24.0,33.0,5.301666666666667,0.0
2013-04-05.22,1.0,u57,2013-04-05,2013-04-05,23.0,38.0,3.542222222222222,0.0
2013-04-08.21,1.0,u57,2013-04-08,2013-04-08,19.0,22.0,4.1594444444444445,2.0
2013-04-09.15,4.0,u57,2013-04-09,2013-04-09,24.0,27.0,6.631388888888889,0.0
2013-04-09.16,1.0,u57,2013-04-09,2013-04-09,24.0,27.0,6.631388888888889,0.0
2013-04-10.16,4.0,u57,2013-04-10,2013-04-10,24.0,46.0,8.97,0.0
2013-04-11.17,1.0,u57,2013-04-11,2013-04-11,24.0,37.0,7.430833333333333,0.0
2013-04-13.11,1.0,u57,2013-04-13,2013-04-13,24.0,44.0,8.733333333333333,0.0
2013-04-14.7,2.0,u57,2013-04-14,2013-04-14,24.0,34.0,7.045833333333333,0.0
2013-04-15.18,2.0,u57,2013-04-15,2013-04-15,23.0,27.0,4.7877777777777775,2.0
2013-04-16.13,2.0,u57,2013-04-16,2013-04-16,24.0,32.0,6.712222222222222,0.0
2013-04-16.14,1.0,u57,2013-04-16,2013-04-16,24.0,32.0,6.712222222222222,0.0
2013-04-17.16,3.0,u57,2013-04-17,2013-04-17,24.0,51.0,5.686111111111111,0.0
2013-04-17.17,2.0,u57,2013-04-17,2013-04-17,24.0,51.0,5.686111111111111,0.0
2013-04-18.15,1.0,u57,2013-04-18,2013-04-18,24.0,40.0,4.800555555555556,0.0
2013-04-20.5,2.0,u57,2013-04-20,2013-04-20,24.0,73.0,9.03,0.0
2013-04-21.3,2.0,u57,2013-04-21,2013-04-21,24.0,26.0,6.579166666666667,0.0
2013-04-23.11,3.0,u57,2013-04-23,2013-04-23,24.0,30.0,5.631111111111111,0.0
2013-04-24.3,3.0,u57,2013-04-24,2013-04-24,24.0,34.0,7.820833333333334,0.0
2013-04-29.13,3.0,u57,2013-04-29,2013-04-29,23.0,43.0,2.9244444444444446,1.0
2013-04-30.8,2.0,u57,2013-04-30,2013-04-30,24.0,31.0,6.553611111111111,1.0
2013-05-01.5,2.0,u57,2013-05-01,2013-05-01,24.0,25.0,7.093333333333334,0.0
2013-05-02.3,3.0,u57,2013-05-02,2013-05-02,24.0,45.0,5.427222222222222,0.0
2013-05-14.1,1.0,u57,2013-05-14,2013-05-14,24.0,92.0,5.131944444444445,0.0
2013-05-09.4,4.0,u57,2013-05-09,2013-05-09,24.0,41.0,6.9383333333333335,0.0
2013-05-15.1,1.0,u57,2013-05-15,2013-05-15,22.0,71.0,5.531666666666666,1.0
2013-05-07.4,1.0,u57,2013-05-07,2013-05-07,26.0,36.0,4.3902777777777775,1.0
2013-05-06.5,3.0,u57,2013-05-06,2013-05-06,24.0,44.0,3.2780555555555555,1.0
2013-05-08.3,1.0,u57,2013-05-08,2013-05-08,23.0,46.0,4.539722222222222,0.0
2013-05-16.1,1.0,u57,2013-05-16,2013-05-16,24.0,73.0,7.661666666666667,0.0
2013-05-19.3,2.0,u57,2013-05-19,2013-05-19,23.0,103.0,4.809444444444445,0.0
2013-05-19.4,1.0,u57,2013-05-19,2013-05-19,23.0,103.0,4.809444444444445,0.0
2013-05-17,1.0,u57,2013-05-17,2013-05-17,23.0,104.0,7.345555555555555,0.0
2013-05-18.3,1.0,u57,2013-05-18,2013-05-18,24.0,85.0,8.402222222222223,0.0
2013-05-20.1,1.0,u57,2013-05-20,2013-05-20,23.0,68.0,7.093333333333333,0.0
2013-05-21.3,1.0,u57,2013-05-21,2013-05-21,24.0,62.0,4.753888888888889,0.0
2013-05-23.2,1.0,u57,2013-05-23,2013-05-23,23.0,63.0,5.056111111111111,0.0
2013-06-03,5.0,u57,2013-06-03,2013-06-03,24.0,142.0,,0.0
2013-03-28.20,1.0,u17,2013-03-28,2013-03-28,24.0,24.0,4.211388888888889,0.0
2013-03-30.15,2.0,u17,2013-03-30,2013-03-30,24.0,24.0,3.391111111111111,0.0
2013-04-11.18,3.0,u17,2013-04-11,2013-04-11,24.0,24.0,4.082222222222222,0.0
2013-04-15.19,3.0,u17,2013-04-15,2013-04-15,24.0,24.0,5.666944444444445,1.0
2013-04-16.15,3.0,u17,2013-04-16,2013-04-16,24.0,24.0,3.420555555555556,0.0
2013-04-17.18,2.0,u17,2013-04-17,2013-04-17,24.0,24.0,4.3175,0.0
2013-04-18.16,3.0,u17,2013-04-18,2013-04-18,24.0,24.0,5.266666666666667,0.0
2013-04-19.4,3.0,u17,2013-04-19,2013-04-19,24.0,24.0,5.733333333333333,0.0
2013-04-20.6,2.0,u17,2013-04-20,2013-04-20,16.0,16.0,2.4363888888888887,0.0
2013-04-21.4,3.0,u17,2013-04-21,2013-04-21,24.0,24.0,5.184166666666667,0.0
2013-04-26.5,3.0,u17,2013-04-26,2013-04-26,24.0,24.0,7.896111111111111,0.0
2013-04-29.14,3.0,u17,2013-04-29,2013-04-29,24.0,24.0,4.224444444444445,1.0
2013-05-01.6,3.0,u17,2013-05-01,2013-05-01,24.0,24.0,4.087777777777778,0.0
2013-05-07.5,3.0,u17,2013-05-07,2013-05-07,24.0,24.0,3.575,1.0
2013-05-08.4,3.0,u17,2013-05-08,2013-05-08,24.0,24.0,5.858333333333333,0.0
2013-05-17.1,3.0,u17,2013-05-17,2013-05-17,24.0,24.0,4.354722222222222,0.0
2013-05-15.2,3.0,u17,2013-05-15,2013-05-15,24.0,24.0,3.3225,0.0
2013-05-18.4,3.0,u17,2013-05-18,2013-05-18,24.0,24.0,2.828055555555556,0.0
2013-05-20.2,3.0,u17,2013-05-20,2013-05-20,24.0,24.0,5.105,0.0
2013-06-01.2,3.0,u17,2013-06-01,2013-06-01,18.0,18.0,0.1711111111111111,0.0
2013-04-03.25,1.0,u23,2013-04-03,2013-04-03,6.0,6.0,2.0575,0.0
2013-03-28.21,1.0,u23,2013-03-28,2013-03-28,24.0,24.0,6.026388888888889,0.0
2013-03-29.18,2.0,u23,2013-03-29,2013-03-29,24.0,24.0,2.267777777777778,0.0
2013-03-29.19,1.0,u23,2013-03-29,2013-03-29,24.0,24.0,2.267777777777778,0.0
2013-03-30.16,1.0,u23,2013-03-30,2013-03-30,24.0,24.0,1.6277777777777778,0.0
2013-03-30.17,4.0,u23,2013-03-30,2013-03-30,24.0,24.0,1.6277777777777778,0.0
2013-03-31.22,4.0,u23,2013-03-31,2013-03-31,24.0,24.0,0.6272222222222222,0.0
2013-03-31.23,1.0,u23,2013-03-31,2013-03-31,24.0,24.0,0.6272222222222222,0.0
2013-04-02.12,1.0,u23,2013-04-02,2013-04-02,24.0,24.0,4.731388888888889,1.0
2013-04-01.15,4.0,u23,2013-04-01,2013-04-01,24.0,24.0,2.9858333333333333,0.0
2013-04-04.25,1.0,u23,2013-04-04,2013-04-04,24.0,24.0,5.384444444444444,0.0
2013-04-05.23,1.0,u23,2013-04-05,2013-04-05,24.0,24.0,4.9975000000000005,0.0
2013-04-08.22,1.0,u23,2013-04-08,2013-04-08,24.0,24.0,3.171111111111111,1.0
2013-04-06.14,1.0,u23,2013-04-06,2013-04-06,24.0,24.0,3.080555555555556,0.0
2013-04-06.15,4.0,u23,2013-04-06,2013-04-06,24.0,24.0,3.080555555555556,0.0
2013-04-07.15,1.0,u23,2013-04-07,2013-04-07,24.0,24.0,3.828888888888889,0.0
2013-04-07.16,4.0,u23,2013-04-07,2013-04-07,24.0,24.0,3.828888888888889,0.0
2013-04-09.17,1.0,u23,2013-04-09,2013-04-09,24.0,24.0,3.835555555555556,1.0
2013-04-12.17,1.0,u23,2013-04-12,2013-04-12,24.0,24.0,5.344166666666666,0.0
2013-04-13.12,1.0,u23,2013-04-13,2013-04-13,24.0,24.0,2.887777777777778,0.0
2013-04-18.17,1.0,u23,2013-04-18,2013-04-18,24.0,24.0,2.6841666666666666,0.0
2013-04-14.8,1.0,u23,2013-04-14,2013-04-14,24.0,24.0,1.8877777777777776,0.0
2013-04-17.19,1.0,u23,2013-04-17,2013-04-17,24.0,24.0,1.9975,0.0
2013-04-20.7,1.0,u23,2013-04-20,2013-04-20,24.0,24.0,2.7555555555555555,0.0
2013-03-29.20,1.0,u15,2013-03-29,2013-03-29,24.0,24.0,8.783333333333333,0.0
2013-03-31.24,1.0,u15,2013-03-31,2013-03-31,24.0,24.0,11.82972222222222,0.0
2013-04-03.26,3.0,u15,2013-04-03,2013-04-03,24.0,24.0,10.447777777777778,0.0
2013-04-05.24,1.0,u15,2013-04-05,2013-04-05,24.0,24.0,6.856111111111111,0.0
2013-04-09.18,1.0,u15,2013-04-09,2013-04-09,24.0,24.0,5.3100000000000005,0.0
2013-04-17.20,1.0,u15,2013-04-17,2013-04-17,12.0,12.0,3.5,0.0
2013-04-01.16,1.0,u46,2013-04-01,2013-04-01,27.0,43.0,8.119444444444445,0.0
2013-04-01.17,2.0,u46,2013-04-01,2013-04-01,27.0,43.0,8.119444444444445,0.0
2013-04-01.18,5.0,u46,2013-04-01,2013-04-01,27.0,43.0,8.119444444444445,0.0
2013-04-01.19,4.0,u46,2013-04-01,2013-04-01,27.0,43.0,8.119444444444445,0.0
2013-04-03.27,4.0,u46,2013-04-03,2013-04-03,50.0,72.0,12.891111111111112,0.0
2013-04-02.13,2.0,u46,2013-04-02,2013-04-02,35.0,102.0,10.186666666666667,0.0
2013-04-05.25,3.0,u46,2013-04-05,2013-04-05,27.0,45.0,11.307777777777778,0.0
2013-04-05.26,1.0,u46,2013-04-05,2013-04-05,27.0,45.0,11.307777777777778,0.0
2013-04-06.16,3.0,u46,2013-04-06,2013-04-06,28.0,43.0,9.021666666666668,0.0
2013-04-06.17,4.0,u46,2013-04-06,2013-04-06,28.0,43.0,9.021666666666668,0.0
2013-04-07.17,3.0,u46,2013-04-07,2013-04-07,26.0,45.0,5.248055555555555,1.0
2013-04-08.23,3.0,u46,2013-04-08,2013-04-08,25.0,55.0,9.67,1.0
2013-04-08.24,4.0,u46,2013-04-08,2013-04-08,25.0,55.0,9.67,1.0
2013-04-12.18,1.0,u46,2013-04-12,2013-04-12,27.0,64.0,8.150833333333333,0.0
2013-04-15.20,3.0,u46,2013-04-15,2013-04-15,27.0,65.0,6.201944444444445,1.0
2013-04-17.21,3.0,u46,2013-04-17,2013-04-17,23.0,42.0,7.328333333333333,0.0
2013-04-26.6,3.0,u46,2013-04-26,2013-04-26,23.0,28.0,7.6475,0.0
2013-04-29.15,3.0,u46,2013-04-29,2013-04-29,28.0,44.0,7.043333333333333,0.0
2013-05-06.6,2.0,u46,2013-05-06,2013-05-06,24.0,36.0,6.583611111111111,0.0
2013-03-30.18,4.0,u25,2013-03-30,2013-03-30,24.0,24.0,4.724444444444445,0.0
2013-03-28.26,4.0,u25,2013-03-28,2013-03-28,15.0,15.0,7.997222222222222,0.0
2013-03-28.27,1.0,u25,2013-03-28,2013-03-28,15.0,15.0,7.997222222222222,0.0
2013-04-01.20,1.0,u25,2013-04-01,2013-04-01,24.0,24.0,4.7652777777777775,0.0
2013-04-01.21,2.0,u25,2013-04-01,2013-04-01,24.0,24.0,4.7652777777777775,0.0
2013-04-03.30,4.0,u25,2013-04-03,2013-04-03,16.0,16.0,8.195,0.0
2013-04-03.31,1.0,u25,2013-04-03,2013-04-03,16.0,16.0,8.195,0.0
2013-04-05.29,1.0,u25,2013-04-05,2013-04-05,15.0,15.0,9.880833333333332,0.0
2013-04-08.26,2.0,u25,2013-04-08,2013-04-08,14.0,14.0,6.032222222222222,1.0
2013-04-09.21,4.0,u25,2013-04-09,2013-04-09,20.0,20.0,2.9691666666666663,0.0
2013-04-16.16,4.0,u25,2013-04-16,2013-04-16,18.0,18.0,3.1719444444444447,0.0
2013-04-03.32,4.0,u44,2013-04-03,2013-04-03,24.0,24.0,2.998333333333333,0.0
2013-04-04.29,5.0,u44,2013-04-04,2013-04-04,24.0,24.0,2.0341666666666667,0.0
2013-04-04.30,4.0,u44,2013-04-04,2013-04-04,24.0,24.0,2.0341666666666667,0.0
2013-04-04.31,1.0,u44,2013-04-04,2013-04-04,24.0,24.0,2.0341666666666667,0.0
2013-04-08.27,2.0,u44,2013-04-08,2013-04-08,24.0,24.0,4.823055555555555,2.0
2013-04-08.28,1.0,u44,2013-04-08,2013-04-08,24.0,24.0,4.823055555555555,2.0
2013-04-08.29,4.0,u44,2013-04-08,2013-04-08,24.0,24.0,4.823055555555555,2.0
2013-04-05.30,4.0,u44,2013-04-05,2013-04-05,24.0,24.0,5.26,0.0
2013-04-05.31,1.0,u44,2013-04-05,2013-04-05,24.0,24.0,5.26,0.0
2013-04-06.19,1.0,u44,2013-04-06,2013-04-06,24.0,24.0,4.220833333333333,0.0
2013-04-06.20,4.0,u44,2013-04-06,2013-04-06,24.0,24.0,4.220833333333333,0.0
2013-04-07.19,1.0,u44,2013-04-07,2013-04-07,24.0,24.0,1.0450000000000002,0.0
2013-04-09.22,4.0,u44,2013-04-09,2013-04-09,24.0,24.0,2.535,0.0
2013-04-09.23,1.0,u44,2013-04-09,2013-04-09,24.0,24.0,2.535,0.0
2013-04-10.18,1.0,u44,2013-04-10,2013-04-10,24.0,24.0,6.325833333333334,0.0
2013-04-10.19,2.0,u44,2013-04-10,2013-04-10,24.0,24.0,6.325833333333334,0.0
2013-04-11.19,1.0,u44,2013-04-11,2013-04-11,24.0,24.0,2.185277777777778,0.0
2013-04-12.20,1.0,u44,2013-04-12,2013-04-12,24.0,24.0,5.383611111111112,0.0
2013-04-15.22,1.0,u44,2013-04-15,2013-04-15,22.0,22.0,0.7505555555555555,2.0
2013-04-15.23,2.0,u44,2013-04-15,2013-04-15,22.0,22.0,0.7505555555555555,2.0
2013-04-13.13,1.0,u44,2013-04-13,2013-04-13,24.0,24.0,3.350833333333333,0.0
2013-04-13.14,2.0,u44,2013-04-13,2013-04-13,24.0,24.0,3.350833333333333,0.0
2013-04-18.18,1.0,u44,2013-04-18,2013-04-18,24.0,24.0,1.3447222222222222,0.0
2013-04-20.8,1.0,u44,2013-04-20,2013-04-20,24.0,24.0,3.1358333333333333,0.0
2013-04-21.5,1.0,u44,2013-04-21,2013-04-21,24.0,24.0,3.1175,0.0
2013-04-22.8,2.0,u44,2013-04-22,2013-04-22,24.0,24.0,5.883611111111111,2.0
2013-04-25.5,1.0,u44,2013-04-25,2013-04-25,24.0,24.0,2.463888888888889,0.0
2013-04-23.13,4.0,u44,2013-04-23,2013-04-23,24.0,24.0,2.330833333333333,0.0
2013-04-23.14,1.0,u44,2013-04-23,2013-04-23,24.0,24.0,2.330833333333333,0.0
2013-04-26.7,1.0,u44,2013-04-26,2013-04-26,24.0,24.0,5.014444444444445,0.0
2013-04-27.2,1.0,u44,2013-04-27,2013-04-27,24.0,24.0,2.955833333333333,0.0
2013-04-29.16,1.0,u44,2013-04-29,2013-04-29,24.0,24.0,7.391388888888889,1.0
2013-04-29.17,3.0,u44,2013-04-29,2013-04-29,24.0,24.0,7.391388888888889,1.0
2013-04-30.9,3.0,u44,2013-04-30,2013-04-30,24.0,24.0,5.155555555555556,1.0
2013-04-30.10,1.0,u44,2013-04-30,2013-04-30,24.0,24.0,5.155555555555556,1.0
2013-05-01.7,1.0,u44,2013-05-01,2013-05-01,24.0,24.0,4.313611111111111,0.0
2013-05-02.4,1.0,u44,2013-05-02,2013-05-02,24.0,24.0,2.562777777777778,0.0
2013-05-03.7,1.0,u44,2013-05-03,2013-05-03,24.0,24.0,4.645277777777777,0.0
2013-05-06.7,1.0,u44,2013-05-06,2013-05-06,23.0,23.0,1.3655555555555554,1.0
2013-05-06.8,4.0,u44,2013-05-06,2013-05-06,23.0,23.0,1.3655555555555554,1.0
2013-05-08.7,1.0,u44,2013-05-08,2013-05-08,24.0,24.0,4.677222222222222,0.0
2013-05-08.8,3.0,u44,2013-05-08,2013-05-08,24.0,24.0,4.677222222222222,0.0
2013-05-14.2,1.0,u44,2013-05-14,2013-05-14,24.0,24.0,3.3922222222222222,0.0
2013-05-05.1,1.0,u44,2013-05-05,2013-05-05,24.0,24.0,1.7294444444444446,0.0
2013-05-04,1.0,u44,2013-05-04,2013-05-04,24.0,24.0,0.0280555555555555,0.0
2013-05-15.3,4.0,u44,2013-05-15,2013-05-15,24.0,24.0,3.4202777777777778,1.0
2013-05-15.4,3.0,u44,2013-05-15,2013-05-15,24.0,24.0,3.4202777777777778,1.0
2013-05-16.3,4.0,u44,2013-05-16,2013-05-16,24.0,24.0,1.9994444444444444,0.0
2013-05-07.6,1.0,u44,2013-05-07,2013-05-07,24.0,24.0,0.9827777777777778,1.0
2013-05-09.6,1.0,u44,2013-05-09,2013-05-09,24.0,24.0,1.101111111111111,0.0
2013-05-12.2,1.0,u44,2013-05-12,2013-05-12,24.0,24.0,0.5322222222222223,0.0
2013-05-12.3,4.0,u44,2013-05-12,2013-05-12,24.0,24.0,0.5322222222222223,0.0
2013-05-13,1.0,u44,2013-05-13,2013-05-13,24.0,24.0,0.6358333333333334,1.0
2013-05-19.5,1.0,u44,2013-05-19,2013-05-19,27.0,27.0,1.7197222222222222,0.0
2013-05-17.3,4.0,u44,2013-05-17,2013-05-17,24.0,24.0,4.473611111111111,0.0
2013-05-18.5,1.0,u44,2013-05-18,2013-05-18,24.0,24.0,1.6452777777777776,0.0
2013-05-20.3,1.0,u44,2013-05-20,2013-05-20,24.0,24.0,2.4169444444444443,0.0
2013-05-22.1,1.0,u44,2013-05-22,2013-05-22,24.0,24.0,2.7344444444444447,0.0
2013-05-23.4,1.0,u44,2013-05-23,2013-05-23,24.0,24.0,1.7044444444444444,0.0
2013-05-24.2,1.0,u44,2013-05-24,2013-05-24,24.0,24.0,4.444444444444445,0.0
2013-05-27.3,2.0,u44,2013-05-27,2013-05-27,24.0,24.0,6.211111111111111,0.0
2013-03-27.20,4.0,u18,2013-03-27,2013-03-27,24.0,24.0,6.989722222222222,0.0
2013-03-27.20,4.0,u18,2013-03-27,2013-03-27,24.0,24.0,6.989722222222222,0.0
2013-03-29.23,1.0,u18,2013-03-29,2013-03-29,24.0,24.0,6.728888888888889,0.0
2013-04-03.33,1.0,u18,2013-04-03,2013-04-03,24.0,24.0,6.42,0.0
2013-04-08.30,1.0,u18,2013-04-08,2013-04-08,24.0,24.0,6.412222222222222,1.0
2013-04-05.32,1.0,u18,2013-04-05,2013-04-05,24.0,24.0,6.095277777777778,1.0
2013-04-09.24,1.0,u18,2013-04-09,2013-04-09,24.0,24.0,4.2091666666666665,0.0
2013-04-19.5,1.0,u18,2013-04-19,2013-04-19,24.0,24.0,,1.0
2013-04-21.6,1.0,u18,2013-04-21,2013-04-21,24.0,24.0,4.520833333333333,0.0
2013-04-30.11,3.0,u18,2013-04-30,2013-04-30,24.0,24.0,,1.0
2013-03-29.24,3.0,u49,2013-03-29,2013-03-29,21.0,68.0,5.146388888888889,2.0
2013-03-30.19,3.0,u49,2013-03-30,2013-03-30,24.0,74.0,3.999444444444445,0.0
2013-03-31.27,3.0,u49,2013-03-31,2013-03-31,26.0,55.0,4.908055555555555,0.0
2013-03-31.28,1.0,u49,2013-03-31,2013-03-31,26.0,55.0,4.908055555555555,0.0
2013-03-31.29,4.0,u49,2013-03-31,2013-03-31,26.0,55.0,4.908055555555555,0.0
2013-04-01.22,4.0,u49,2013-04-01,2013-04-01,24.0,39.0,1.0463888888888888,2.0
2013-04-02.14,4.0,u49,2013-04-02,2013-04-02,24.0,27.0,3.378055555555556,1.0
2013-04-03.34,3.0,u49,2013-04-03,2013-04-03,23.0,49.0,3.669444444444444,2.0
2013-04-03.35,1.0,u49,2013-04-03,2013-04-03,23.0,49.0,3.669444444444444,2.0
2013-04-04.32,2.0,u49,2013-04-04,2013-04-04,29.0,43.0,2.646388888888889,1.0
2013-04-04.33,4.0,u49,2013-04-04,2013-04-04,29.0,43.0,2.646388888888889,1.0
2013-04-05.33,2.0,u49,2013-04-05,2013-04-05,28.0,39.0,0.5297222222222222,2.0
2013-04-07.20,5.0,u49,2013-04-07,2013-04-07,27.0,25.0,0.8741666666666666,0.0
2013-04-06.21,4.0,u49,2013-04-06,2013-04-06,19.0,29.0,2.766388888888889,0.0
2013-04-06.22,1.0,u49,2013-04-06,2013-04-06,19.0,29.0,2.766388888888889,0.0
2013-04-08.31,2.0,u49,2013-04-08,2013-04-08,31.0,42.0,4.340555555555556,3.0
2013-04-08.32,4.0,u49,2013-04-08,2013-04-08,31.0,42.0,4.340555555555556,3.0
2013-04-09.25,5.0,u49,2013-04-09,2013-04-09,30.0,24.0,1.805,1.0
2013-04-10.20,5.0,u49,2013-04-10,2013-04-10,25.0,44.0,2.7111111111111112,2.0
2013-04-11.20,5.0,u49,2013-04-11,2013-04-11,26.0,26.0,4.970277777777778,1.0
2013-04-13.15,4.0,u49,2013-04-13,2013-04-13,24.0,46.0,,0.0
2013-04-13.16,5.0,u49,2013-04-13,2013-04-13,24.0,46.0,,0.0
2013-04-14.10,4.0,u49,2013-04-14,2013-04-14,23.0,33.0,0.7383333333333334,0.0
2013-04-17.23,4.0,u49,2013-04-17,2013-04-17,34.0,39.0,2.163611111111111,2.0
2013-04-18.19,3.0,u49,2013-04-18,2013-04-18,25.0,37.0,3.4225,2.0
2013-04-18.20,4.0,u49,2013-04-18,2013-04-18,25.0,37.0,3.4225,2.0
2013-04-20.9,1.0,u49,2013-04-20,2013-04-20,22.0,64.0,3.823055555555555,0.0
2013-04-29.18,4.0,u49,2013-04-29,2013-04-29,,,,2.0
2013-05-01.8,4.0,u49,2013-05-01,2013-05-01,,,,2.0
2013-05-10.1,1.0,u49,2013-05-10,2013-05-10,,,,2.0
2013-05-10.2,4.0,u49,2013-05-10,2013-05-10,,,,2.0
2013-05-13.1,1.0,u49,2013-05-13,2013-05-13,24.0,24.0,3.9669444444444446,3.0
2013-05-06.9,4.0,u49,2013-05-06,2013-05-06,,,,2.0
2013-05-04.1,3.0,u49,2013-05-04,2013-05-04,,,,0.0
2013-05-07.7,5.0,u49,2013-05-07,2013-05-07,,,,2.0
2013-05-07.8,3.0,u49,2013-05-07,2013-05-07,,,,2.0
2013-05-18.6,5.0,u49,2013-05-18,2013-05-18,24.0,24.0,2.9833333333333334,0.0
2013-05-18.7,2.0,u49,2013-05-18,2013-05-18,24.0,24.0,2.9833333333333334,0.0
2013-05-19.6,5.0,u49,2013-05-19,2013-05-19,24.0,24.0,10.841666666666669,0.0
2013-05-24.3,4.0,u49,2013-05-24,2013-05-24,26.0,29.0,7.134444444444444,2.0
2013-05-27.4,1.0,u49,2013-05-27,2013-05-27,42.0,66.0,8.028055555555556,2.0
2013-05-30.2,5.0,u49,2013-05-30,2013-05-30,50.0,59.0,10.31638888888889,0.0
2013-05-31,2.0,u49,2013-05-31,2013-05-31,51.0,68.0,9.75388888888889,1.0
2013-03-29.25,1.0,u09,2013-03-29,2013-03-29,24.0,24.0,9.037222222222224,0.0
2013-03-27.21,4.0,u09,2013-03-27,2013-03-27,24.0,24.0,3.7425,0.0
2013-03-27.21,4.0,u09,2013-03-27,2013-03-27,24.0,24.0,3.7425,0.0
2013-03-28.28,4.0,u09,2013-03-28,2013-03-28,24.0,24.0,8.346388888888889,0.0
2013-03-27.22,4.0,u02,2013-03-27,2013-03-27,24.0,85.0,0.205,0.0
2013-03-27.22,4.0,u02,2013-03-27,2013-03-27,24.0,85.0,0.205,0.0
2013-03-29.26,4.0,u02,2013-03-29,2013-03-29,24.0,40.0,4.964166666666666,0.0
2013-03-28.29,1.0,u02,2013-03-28,2013-03-28,24.0,55.0,3.6125,0.0
2013-03-30.20,4.0,u02,2013-03-30,2013-03-30,24.0,49.0,6.880555555555556,0.0
2013-03-31.30,5.0,u02,2013-03-31,2013-03-31,24.0,74.0,7.941944444444444,0.0
2013-04-03.36,1.0,u02,2013-04-03,2013-04-03,24.0,36.0,1.034166666666667,0.0
2013-04-04.34,2.0,u02,2013-04-04,2013-04-04,24.0,59.0,5.042777777777777,0.0
2013-04-05.34,1.0,u02,2013-04-05,2013-04-05,24.0,34.0,4.0888888888888895,0.0
2013-04-08.33,1.0,u02,2013-04-08,2013-04-08,24.0,33.0,7.078055555555555,1.0
2013-04-09.26,1.0,u02,2013-04-09,2013-04-09,24.0,30.0,6.919166666666667,0.0
2013-04-13.17,1.0,u02,2013-04-13,2013-04-13,25.0,59.0,7.422499999999999,0.0
2013-04-17.24,4.0,u02,2013-04-17,2013-04-17,24.0,79.0,9.21638888888889,0.0
2013-04-25.6,1.0,u02,2013-04-25,2013-04-25,24.0,31.0,3.804444444444445,0.0
2013-05-03.8,1.0,u02,2013-05-03,2013-05-03,23.0,25.0,2.401388888888889,0.0
2013-03-28.30,4.0,u31,2013-03-28,2013-03-28,24.0,25.0,7.289722222222222,0.0
2013-03-29.27,5.0,u31,2013-03-29,2013-03-29,24.0,28.0,10.601666666666668,0.0
2013-04-03.37,4.0,u31,2013-04-03,2013-04-03,24.0,29.0,4.378333333333334,0.0
2013-04-05.35,4.0,u31,2013-04-05,2013-04-05,24.0,45.0,4.840833333333333,0.0
2013-03-29.28,2.0,u24,2013-03-29,2013-03-29,24.0,24.0,11.0425,0.0
2013-03-29.29,3.0,u24,2013-03-29,2013-03-29,24.0,24.0,11.0425,0.0
2013-03-29.30,4.0,u24,2013-03-29,2013-03-29,24.0,24.0,11.0425,0.0
2013-03-29.31,1.0,u24,2013-03-29,2013-03-29,24.0,24.0,11.0425,0.0
2013-03-30.21,1.0,u24,2013-03-30,2013-03-30,24.0,24.0,6.956388888888889,0.0
2013-03-30.22,2.0,u24,2013-03-30,2013-03-30,24.0,24.0,6.956388888888889,0.0
2013-04-02.15,4.0,u24,2013-04-02,2013-04-02,24.0,24.0,1.3866666666666667,0.0
2013-04-01.23,2.0,u24,2013-04-01,2013-04-01,24.0,24.0,7.836666666666667,1.0
2013-04-05.36,4.0,u24,2013-04-05,2013-04-05,24.0,24.0,9.557222222222222,0.0
2013-04-06.23,1.0,u24,2013-04-06,2013-04-06,24.0,24.0,9.881944444444445,0.0
2013-04-08.34,1.0,u24,2013-04-08,2013-04-08,24.0,24.0,9.628333333333334,2.0
2013-04-14.11,2.0,u24,2013-04-14,2013-04-14,37.0,73.0,7.623611111111111,0.0
2013-04-14.12,3.0,u24,2013-04-14,2013-04-14,37.0,73.0,7.623611111111111,0.0
2013-04-14.13,1.0,u24,2013-04-14,2013-04-14,37.0,73.0,7.623611111111111,0.0
2013-04-09.27,3.0,u24,2013-04-09,2013-04-09,24.0,24.0,7.366944444444445,0.0
2013-04-09.28,1.0,u24,2013-04-09,2013-04-09,24.0,24.0,7.366944444444445,0.0
2013-04-09.29,2.0,u24,2013-04-09,2013-04-09,24.0,24.0,7.366944444444445,0.0
2013-04-12.21,2.0,u24,2013-04-12,2013-04-12,28.0,42.0,11.52138888888889,0.0
2013-04-12.22,1.0,u24,2013-04-12,2013-04-12,28.0,42.0,11.52138888888889,0.0
2013-04-13.18,1.0,u24,2013-04-13,2013-04-13,25.0,56.0,7.875277777777778,0.0
2013-04-18.21,2.0,u24,2013-04-18,2013-04-18,33.0,34.0,9.11138888888889,0.0
2013-05-13.2,1.0,u24,2013-05-13,2013-05-13,,,,1.0
2013-04-01.24,1.0,u19,2013-04-01,2013-04-01,22.0,22.0,4.797777777777778,0.0
2013-03-27.23,1.0,u19,2013-03-27,2013-03-27,24.0,24.0,3.944722222222222,0.0
2013-03-27.23,1.0,u19,2013-03-27,2013-03-27,24.0,24.0,3.944722222222222,0.0
2013-03-27.24,4.0,u19,2013-03-27,2013-03-27,24.0,24.0,3.944722222222222,0.0
2013-03-27.24,4.0,u19,2013-03-27,2013-03-27,24.0,24.0,3.944722222222222,0.0
2013-03-28.31,1.0,u19,2013-03-28,2013-03-28,24.0,24.0,6.402222222222222,0.0
2013-03-29.32,1.0,u19,2013-03-29,2013-03-29,24.0,24.0,8.575277777777778,0.0
2013-04-02.16,1.0,u19,2013-04-02,2013-04-02,24.0,24.0,6.479722222222222,1.0
2013-04-03.38,1.0,u19,2013-04-03,2013-04-03,24.0,24.0,7.268333333333333,0.0
2013-04-03.39,2.0,u19,2013-04-03,2013-04-03,24.0,24.0,7.268333333333333,0.0
2013-04-04.35,1.0,u19,2013-04-04,2013-04-04,24.0,24.0,6.962222222222223,0.0
2013-04-04.36,2.0,u19,2013-04-04,2013-04-04,24.0,24.0,6.962222222222223,0.0
2013-04-08.35,2.0,u19,2013-04-08,2013-04-08,24.0,24.0,6.695277777777778,1.0
2013-04-06.24,2.0,u19,2013-04-06,2013-04-06,24.0,24.0,7.749166666666666,0.0
2013-04-05.37,1.0,u19,2013-04-05,2013-04-05,24.0,24.0,4.9863888888888885,0.0
2013-04-05.38,2.0,u19,2013-04-05,2013-04-05,24.0,24.0,4.9863888888888885,0.0
2013-04-07.21,3.0,u19,2013-04-07,2013-04-07,24.0,24.0,5.629166666666666,1.0
2013-04-09.30,1.0,u19,2013-04-09,2013-04-09,24.0,24.0,5.1825,1.0
2013-04-09.31,2.0,u19,2013-04-09,2013-04-09,24.0,24.0,5.1825,1.0
2013-04-13.19,2.0,u19,2013-04-13,2013-04-13,22.0,22.0,10.91,0.0
2013-04-12.23,1.0,u19,2013-04-12,2013-04-12,24.0,24.0,4.9158333333333335,0.0
2013-04-10.21,2.0,u19,2013-04-10,2013-04-10,24.0,24.0,7.991944444444444,0.0
2013-04-11.21,2.0,u19,2013-04-11,2013-04-11,24.0,24.0,6.0441666666666665,1.0
2013-04-17.25,2.0,u19,2013-04-17,2013-04-17,24.0,24.0,7.891944444444444,0.0
2013-04-16.17,2.0,u19,2013-04-16,2013-04-16,24.0,24.0,4.809722222222222,2.0
2013-04-14.14,2.0,u19,2013-04-14,2013-04-14,24.0,24.0,9.942777777777778,0.0
2013-04-15.24,1.0,u19,2013-04-15,2013-04-15,24.0,24.0,3.166388888888889,1.0
2013-04-15.25,2.0,u19,2013-04-15,2013-04-15,24.0,24.0,3.166388888888889,1.0
2013-04-18.22,2.0,u19,2013-04-18,2013-04-18,24.0,24.0,7.6075,1.0
2013-04-19.6,1.0,u19,2013-04-19,2013-04-19,24.0,24.0,4.104166666666667,0.0
2013-04-23.15,1.0,u19,2013-04-23,2013-04-23,24.0,24.0,7.0441666666666665,1.0
2013-04-25.7,2.0,u19,2013-04-25,2013-04-25,24.0,24.0,7.159166666666667,1.0
2013-04-26.8,1.0,u19,2013-04-26,2013-04-26,24.0,24.0,4.173055555555555,0.0
2013-04-29.19,3.0,u19,2013-04-29,2013-04-29,24.0,24.0,,0.0
2013-04-29.20,2.0,u19,2013-04-29,2013-04-29,24.0,24.0,,0.0
2013-05-01.9,2.0,u19,2013-05-01,2013-05-01,24.0,24.0,2.3016666666666667,0.0
2013-05-02.5,2.0,u19,2013-05-02,2013-05-02,24.0,24.0,2.210555555555556,1.0
2013-05-03.9,1.0,u19,2013-05-03,2013-05-03,24.0,24.0,,0.0
2013-05-12.4,4.0,u19,2013-05-12,2013-05-12,24.0,24.0,2.1913888888888886,0.0
2013-05-16.4,3.0,u19,2013-05-16,2013-05-16,24.0,24.0,1.051388888888889,0.0
2013-05-16.5,1.0,u19,2013-05-16,2013-05-16,24.0,24.0,1.051388888888889,0.0
2013-05-06.10,1.0,u19,2013-05-06,2013-05-06,24.0,24.0,2.5952777777777776,0.0
2013-05-14.3,1.0,u19,2013-05-14,2013-05-14,24.0,24.0,6.408055555555555,2.0
2013-05-13.3,2.0,u19,2013-05-13,2013-05-13,24.0,24.0,1.9352777777777777,1.0
2013-05-15.5,1.0,u19,2013-05-15,2013-05-15,24.0,24.0,7.832777777777778,0.0
2013-05-15.6,4.0,u19,2013-05-15,2013-05-15,24.0,24.0,7.832777777777778,0.0
2013-05-17.4,3.0,u19,2013-05-17,2013-05-17,24.0,24.0,,0.0
2013-05-18.8,3.0,u19,2013-05-18,2013-05-18,24.0,24.0,,0.0
2013-05-19.7,4.0,u19,2013-05-19,2013-05-19,24.0,24.0,0.0308333333333333,0.0
2013-05-20.4,4.0,u19,2013-05-20,2013-05-20,24.0,24.0,2.663611111111112,0.0
2013-05-20.5,1.0,u19,2013-05-20,2013-05-20,24.0,24.0,2.663611111111112,0.0
2013-05-22.2,1.0,u19,2013-05-22,2013-05-22,24.0,24.0,5.325555555555556,0.0
2013-05-22.3,4.0,u19,2013-05-22,2013-05-22,24.0,24.0,5.325555555555556,0.0
2013-05-24.4,1.0,u19,2013-05-24,2013-05-24,24.0,24.0,4.75,0.0
2013-05-24.5,4.0,u19,2013-05-24,2013-05-24,24.0,24.0,4.75,0.0
2013-05-31.1,5.0,u19,2013-05-31,2013-05-31,24.0,24.0,5.856388888888889,0.0
2013-05-25.3,1.0,u19,2013-05-25,2013-05-25,24.0,24.0,4.894444444444445,0.0
2013-05-25.4,3.0,u19,2013-05-25,2013-05-25,24.0,24.0,4.894444444444445,0.0
2013-05-29.1,4.0,u19,2013-05-29,2013-05-29,24.0,24.0,11.058333333333334,1.0
2013-05-26.1,2.0,u19,2013-05-26,2013-05-26,24.0,24.0,9.490833333333333,0.0
2013-03-29.33,1.0,u47,2013-03-29,2013-03-29,24.0,24.0,4.073055555555555,0.0
2013-05-23.5,4.0,u47,2013-05-23,2013-05-23,24.0,24.0,3.303888888888889,0.0
2013-04-02.17,5.0,u42,2013-04-02,2013-04-02,24.0,24.0,9.559722222222222,1.0
2013-04-03.40,5.0,u42,2013-04-03,2013-04-03,24.0,24.0,8.09138888888889,0.0
2013-04-05.39,4.0,u42,2013-04-05,2013-04-05,24.0,24.0,10.239166666666668,0.0
2013-04-08.36,2.0,u42,2013-04-08,2013-04-08,24.0,24.0,3.7202777777777776,1.0
2013-05-13.4,1.0,u42,2013-05-13,2013-05-13,24.0,24.0,2.733888888888889,1.0
2013-05-15.7,5.0,u42,2013-05-15,2013-05-15,21.0,21.0,6.563888888888889,0.0
2013-03-28.32,4.0,u33,2013-03-28,2013-03-28,24.0,24.0,1.6175000000000002,0.0
2013-03-29.34,1.0,u33,2013-03-29,2013-03-29,24.0,24.0,2.3827777777777777,0.0
2013-03-30.23,1.0,u33,2013-03-30,2013-03-30,24.0,24.0,2.813333333333333,0.0
2013-03-31.31,4.0,u33,2013-03-31,2013-03-31,24.0,24.0,4.265833333333334,0.0
2013-04-01.25,2.0,u33,2013-04-01,2013-04-01,24.0,24.0,6.258611111111111,0.0
2013-04-03.41,2.0,u33,2013-04-03,2013-04-03,24.0,24.0,6.244722222222222,2.0
2013-04-04.37,2.0,u33,2013-04-04,2013-04-04,24.0,24.0,1.7630555555555556,0.0
2013-04-05.40,1.0,u33,2013-04-05,2013-04-05,24.0,24.0,8.77611111111111,0.0
2013-04-06.25,4.0,u33,2013-04-06,2013-04-06,24.0,24.0,3.443888888888889,0.0
2013-04-06.26,1.0,u33,2013-04-06,2013-04-06,24.0,24.0,3.443888888888889,0.0
2013-04-08.37,4.0,u33,2013-04-08,2013-04-08,24.0,24.0,8.836388888888889,1.0
2013-04-09.32,4.0,u33,2013-04-09,2013-04-09,24.0,24.0,4.1525,0.0
2013-04-10.23,1.0,u33,2013-04-10,2013-04-10,24.0,24.0,8.264444444444445,1.0
2013-04-10.24,4.0,u33,2013-04-10,2013-04-10,24.0,24.0,8.264444444444445,1.0
2013-04-11.22,4.0,u33,2013-04-11,2013-04-11,24.0,24.0,7.745,0.0
2013-04-12.24,4.0,u33,2013-04-12,2013-04-12,24.0,24.0,5.380555555555556,0.0
2013-04-12.25,1.0,u33,2013-04-12,2013-04-12,24.0,24.0,5.380555555555556,0.0
2013-04-15.26,4.0,u33,2013-04-15,2013-04-15,24.0,24.0,5.5713888888888885,1.0
2013-04-13.21,4.0,u33,2013-04-13,2013-04-13,24.0,24.0,0.2047222222222222,0.0
2013-04-14.15,1.0,u33,2013-04-14,2013-04-14,24.0,24.0,0.2991666666666666,0.0
2013-04-17.27,3.0,u33,2013-04-17,2013-04-17,24.0,24.0,9.108888888888888,2.0
2013-04-17.28,2.0,u33,2013-04-17,2013-04-17,24.0,24.0,9.108888888888888,2.0
2013-04-18.23,4.0,u33,2013-04-18,2013-04-18,24.0,24.0,6.921666666666667,0.0
2013-04-20.10,5.0,u33,2013-04-20,2013-04-20,24.0,24.0,0.1763888888888888,0.0
2013-04-30.12,2.0,u33,2013-04-30,2013-04-30,24.0,24.0,2.382222222222222,1.0
2013-04-30.13,3.0,u33,2013-04-30,2013-04-30,24.0,24.0,2.382222222222222,1.0
2013-05-06.11,3.0,u33,2013-05-06,2013-05-06,24.0,24.0,6.833611111111111,0.0
2013-05-08.9,3.0,u33,2013-05-08,2013-05-08,24.0,24.0,9.971944444444444,1.0
2013-05-07.9,3.0,u33,2013-05-07,2013-05-07,24.0,24.0,2.1855555555555557,1.0
2013-05-24.6,3.0,u33,2013-05-24,2013-05-24,,,,1.0
2013-05-24.7,4.0,u33,2013-05-24,2013-05-24,,,,1.0
2013-05-30.3,2.0,u33,2013-05-30,2013-05-30,,,,0.0
2013-03-28.33,1.0,u58,2013-03-28,2013-03-28,24.0,24.0,5.137777777777778,0.0
2013-03-30.24,4.0,u58,2013-03-30,2013-03-30,24.0,24.0,11.873055555555556,0.0
2013-04-03.42,1.0,u58,2013-04-03,2013-04-03,24.0,24.0,6.6691666666666665,0.0
2013-04-04.38,2.0,u58,2013-04-04,2013-04-04,84.0,74.0,5.4025,0.0
2013-04-05.41,2.0,u58,2013-04-05,2013-04-05,21.0,22.0,6.042777777777777,0.0
2013-04-05.42,1.0,u58,2013-04-05,2013-04-05,21.0,22.0,6.042777777777777,0.0
2013-04-06.27,1.0,u58,2013-04-06,2013-04-06,24.0,24.0,7.289166666666667,0.0
2013-04-08.38,1.0,u58,2013-04-08,2013-04-08,24.0,24.0,2.6866666666666665,1.0
2013-04-09.33,1.0,u58,2013-04-09,2013-04-09,26.0,27.0,6.9475,0.0
2013-04-09.34,5.0,u58,2013-04-09,2013-04-09,26.0,27.0,6.9475,0.0
2013-04-17.29,2.0,u58,2013-04-17,2013-04-17,24.0,24.0,8.324722222222222,0.0
2013-04-12.26,5.0,u58,2013-04-12,2013-04-12,25.0,24.0,6.9191666666666665,0.0
2013-04-11.23,1.0,u58,2013-04-11,2013-04-11,16.0,16.0,4.306111111111111,0.0
2013-04-13.22,1.0,u58,2013-04-13,2013-04-13,23.0,23.0,7.033055555555555,0.0
2013-04-18.24,2.0,u58,2013-04-18,2013-04-18,24.0,24.0,12.098611111111111,0.0
2013-04-14.16,2.0,u58,2013-04-14,2013-04-14,24.0,24.0,8.648888888888889,0.0
2013-04-15.27,2.0,u58,2013-04-15,2013-04-15,24.0,24.0,4.1691666666666665,1.0
2013-04-15.28,1.0,u58,2013-04-15,2013-04-15,24.0,24.0,4.1691666666666665,1.0
2013-04-16.19,2.0,u58,2013-04-16,2013-04-16,24.0,24.0,3.531111111111111,0.0
2013-04-19.7,1.0,u58,2013-04-19,2013-04-19,24.0,24.0,4.308888888888889,0.0
2013-04-21.7,5.0,u58,2013-04-21,2013-04-21,24.0,24.0,0.553611111111111,0.0
2013-04-22.9,2.0,u58,2013-04-22,2013-04-22,24.0,24.0,5.211944444444445,1.0
2013-04-24.4,1.0,u58,2013-04-24,2013-04-24,24.0,24.0,,0.0
2013-04-23.16,5.0,u58,2013-04-23,2013-04-23,24.0,24.0,,0.0
2013-04-23.17,1.0,u58,2013-04-23,2013-04-23,24.0,24.0,,0.0
2013-04-28.1,2.0,u58,2013-04-28,2013-04-28,24.0,24.0,,0.0
2013-04-26.9,2.0,u58,2013-04-26,2013-04-26,24.0,24.0,,0.0
2013-04-29.21,2.0,u58,2013-04-29,2013-04-29,24.0,24.0,,0.0
2013-04-29.22,1.0,u58,2013-04-29,2013-04-29,24.0,24.0,,0.0
2013-04-30.14,2.0,u58,2013-04-30,2013-04-30,24.0,24.0,,1.0
2013-05-15.8,1.0,u58,2013-05-15,2013-05-15,24.0,24.0,6.652777777777778,0.0
2013-05-06.12,2.0,u58,2013-05-06,2013-05-06,24.0,24.0,6.572500000000001,0.0
2013-05-07.10,1.0,u58,2013-05-07,2013-05-07,24.0,24.0,4.178055555555556,1.0
2013-05-07.11,2.0,u58,2013-05-07,2013-05-07,24.0,24.0,4.178055555555556,1.0
2013-05-14.4,1.0,u58,2013-05-14,2013-05-14,24.0,24.0,9.630555555555556,0.0
2013-05-16.6,2.0,u58,2013-05-16,2013-05-16,24.0,24.0,5.213888888888889,0.0
2013-05-13.5,5.0,u58,2013-05-13,2013-05-13,24.0,24.0,8.397222222222222,1.0
2013-05-17.5,2.0,u58,2013-05-17,2013-05-17,24.0,24.0,4.813888888888888,0.0
2013-05-20.6,2.0,u58,2013-05-20,2013-05-20,24.0,24.0,1.813055555555556,0.0
2013-05-21.4,2.0,u58,2013-05-21,2013-05-21,24.0,24.0,4.828888888888889,0.0
2013-05-21.5,1.0,u58,2013-05-21,2013-05-21,24.0,24.0,4.828888888888889,0.0
2013-05-22.4,1.0,u58,2013-05-22,2013-05-22,24.0,24.0,4.169444444444444,0.0
2013-05-28,1.0,u58,2013-05-28,2013-05-28,24.0,24.0,8.155555555555555,0.0
2013-04-03.43,1.0,u20,2013-04-03,2013-04-03,24.0,24.0,2.4788888888888887,0.0
2013-03-27.25,4.0,u20,2013-03-27,2013-03-27,11.0,11.0,3.0625,0.0
2013-03-27.25,4.0,u20,2013-03-27,2013-03-27,11.0,11.0,3.0625,0.0
2013-04-04.39,1.0,u20,2013-04-04,2013-04-04,24.0,24.0,4.975,0.0
2013-04-08.42,1.0,u20,2013-04-08,2013-04-08,24.0,24.0,4.056388888888889,2.0
2013-04-07.22,1.0,u20,2013-04-07,2013-04-07,24.0,24.0,2.47,0.0
2013-04-11.24,2.0,u20,2013-04-11,2013-04-11,24.0,24.0,5.460555555555556,0.0
2013-04-03.44,1.0,u34,2013-04-03,2013-04-03,24.0,24.0,7.8075,0.0
2013-04-03.45,4.0,u34,2013-04-03,2013-04-03,24.0,24.0,7.8075,0.0
2013-04-05.43,1.0,u34,2013-04-05,2013-04-05,24.0,24.0,8.401111111111112,0.0
2013-04-29.23,1.0,u34,2013-04-29,2013-04-29,24.0,24.0,8.269722222222223,0.0
2013-04-03.46,1.0,u01,2013-04-03,2013-04-03,24.0,24.0,10.806666666666668,0.0
2013-03-27.26,4.0,u01,2013-03-27,2013-03-27,24.0,24.0,3.3891666666666667,0.0
2013-03-27.26,4.0,u01,2013-03-27,2013-03-27,24.0,24.0,3.3891666666666667,0.0
2013-04-01.26,2.0,u01,2013-04-01,2013-04-01,24.0,24.0,9.364444444444445,0.0
2013-03-28.34,4.0,u01,2013-03-28,2013-03-28,24.0,24.0,6.575555555555556,0.0
2013-03-29.35,1.0,u01,2013-03-29,2013-03-29,24.0,24.0,10.518611111111111,0.0
2013-03-30.25,1.0,u01,2013-03-30,2013-03-30,24.0,24.0,7.132777777777777,0.0
2013-03-30.26,5.0,u01,2013-03-30,2013-03-30,24.0,24.0,7.132777777777777,0.0
2013-03-31.32,1.0,u01,2013-03-31,2013-03-31,24.0,24.0,6.493611111111111,0.0
2013-04-04.40,4.0,u01,2013-04-04,2013-04-04,24.0,24.0,11.688888888888888,0.0
2013-04-05.44,4.0,u01,2013-04-05,2013-04-05,24.0,24.0,9.63638888888889,0.0
2013-04-06.28,4.0,u01,2013-04-06,2013-04-06,24.0,24.0,9.72638888888889,0.0
2013-04-06.29,5.0,u01,2013-04-06,2013-04-06,24.0,24.0,9.72638888888889,0.0
2013-04-07.23,1.0,u01,2013-04-07,2013-04-07,24.0,24.0,7.976111111111111,0.0
2013-04-10.26,1.0,u01,2013-04-10,2013-04-10,24.0,24.0,11.271944444444443,0.0
2013-04-10.27,2.0,u01,2013-04-10,2013-04-10,24.0,24.0,11.271944444444443,0.0
2013-04-17.31,1.0,u01,2013-04-17,2013-04-17,24.0,24.0,11.078888888888889,0.0
2013-04-11.25,1.0,u01,2013-04-11,2013-04-11,24.0,24.0,8.704166666666667,0.0
2013-04-12.27,1.0,u01,2013-04-12,2013-04-12,24.0,24.0,12.801666666666666,0.0
2013-04-13.23,4.0,u01,2013-04-13,2013-04-13,24.0,24.0,9.42388888888889,0.0
2013-04-14.17,1.0,u01,2013-04-14,2013-04-14,24.0,24.0,6.470555555555555,0.0
2013-04-19.8,4.0,u01,2013-04-19,2013-04-19,24.0,24.0,11.998888888888889,0.0
2013-04-01.27,2.0,u53,2013-04-01,2013-04-01,24.0,24.0,4.833333333333333,0.0
2013-04-01.28,1.0,u53,2013-04-01,2013-04-01,24.0,24.0,4.833333333333333,0.0
2013-03-27.27,1.0,u53,2013-03-27,2013-03-27,24.0,24.0,3.568333333333334,0.0
2013-03-27.27,1.0,u53,2013-03-27,2013-03-27,24.0,24.0,3.568333333333334,0.0
2013-03-28.35,1.0,u53,2013-03-28,2013-03-28,24.0,24.0,5.267222222222222,0.0
2013-03-29.36,1.0,u53,2013-03-29,2013-03-29,24.0,24.0,8.579166666666667,0.0
2013-03-30.27,2.0,u53,2013-03-30,2013-03-30,24.0,24.0,7.4775,0.0
2013-04-03.47,4.0,u53,2013-04-03,2013-04-03,24.0,24.0,9.391944444444444,0.0
2013-04-03.48,1.0,u53,2013-04-03,2013-04-03,24.0,24.0,9.391944444444444,0.0
2013-04-05.45,3.0,u53,2013-04-05,2013-04-05,24.0,24.0,10.391388888888889,0.0
2013-04-05.46,4.0,u53,2013-04-05,2013-04-05,24.0,24.0,10.391388888888889,0.0
2013-04-13.24,1.0,u53,2013-04-13,2013-04-13,22.0,22.0,4.4175,0.0
2013-04-19.9,1.0,u53,2013-04-19,2013-04-19,24.0,24.0,6.411666666666667,0.0
2013-04-29.24,1.0,u53,2013-04-29,2013-04-29,24.0,24.0,1.9444444444444444,0.0
2013-04-29.25,2.0,u53,2013-04-29,2013-04-29,24.0,24.0,1.9444444444444444,0.0
2013-04-25.9,1.0,u53,2013-04-25,2013-04-25,24.0,24.0,5.820277777777778,0.0
2013-05-15.9,1.0,u53,2013-05-15,2013-05-15,24.0,24.0,4.348611111111111,0.0
2013-05-20.7,1.0,u53,2013-05-20,2013-05-20,24.0,24.0,5.909722222222222,0.0
2013-03-29.37,1.0,u16,2013-03-29,2013-03-29,24.0,24.0,7.588055555555556,0.0
2013-03-27.28,1.0,u16,2013-03-27,2013-03-27,24.0,24.0,5.968055555555556,0.0
2013-03-27.28,1.0,u16,2013-03-27,2013-03-27,24.0,24.0,5.968055555555556,0.0
2013-03-28.36,1.0,u16,2013-03-28,2013-03-28,24.0,24.0,8.284444444444444,1.0
2013-03-30.28,1.0,u16,2013-03-30,2013-03-30,24.0,24.0,6.753055555555555,0.0
2013-03-31.33,4.0,u16,2013-03-31,2013-03-31,24.0,24.0,5.508055555555556,0.0
2013-04-02.18,1.0,u16,2013-04-02,2013-04-02,24.0,24.0,6.0025,1.0
2013-04-03.49,2.0,u16,2013-04-03,2013-04-03,24.0,24.0,6.360277777777778,0.0
2013-04-03.50,4.0,u16,2013-04-03,2013-04-03,24.0,24.0,6.360277777777778,0.0
2013-04-03.51,1.0,u16,2013-04-03,2013-04-03,24.0,24.0,6.360277777777778,0.0
2013-04-04.41,1.0,u16,2013-04-04,2013-04-04,24.0,24.0,5.534166666666667,0.0
2013-04-05.47,4.0,u16,2013-04-05,2013-04-05,17.0,17.0,6.183333333333334,0.0
2013-04-05.48,1.0,u16,2013-04-05,2013-04-05,17.0,17.0,6.183333333333334,0.0
2013-04-06.30,4.0,u16,2013-04-06,2013-04-06,24.0,24.0,5.308888888888889,0.0
2013-04-07.24,1.0,u16,2013-04-07,2013-04-07,24.0,24.0,6.639166666666666,0.0
2013-04-08.43,3.0,u16,2013-04-08,2013-04-08,24.0,24.0,5.933888888888889,1.0
2013-04-08.44,2.0,u16,2013-04-08,2013-04-08,24.0,24.0,5.933888888888889,1.0
2013-04-12.28,4.0,u16,2013-04-12,2013-04-12,24.0,24.0,3.188333333333333,0.0
2013-04-12.29,1.0,u16,2013-04-12,2013-04-12,24.0,24.0,3.188333333333333,0.0
2013-04-09.37,1.0,u16,2013-04-09,2013-04-09,11.0,11.0,4.178055555555556,1.0
2013-04-10.28,1.0,u16,2013-04-10,2013-04-10,24.0,24.0,6.883333333333333,0.0
2013-04-10.29,2.0,u16,2013-04-10,2013-04-10,24.0,24.0,6.883333333333333,0.0
2013-04-10.30,3.0,u16,2013-04-10,2013-04-10,24.0,24.0,6.883333333333333,0.0
2013-04-13.25,1.0,u16,2013-04-13,2013-04-13,24.0,24.0,3.0836111111111117,0.0
2013-04-11.26,3.0,u16,2013-04-11,2013-04-11,13.0,13.0,4.5616666666666665,0.0
2013-04-11.27,1.0,u16,2013-04-11,2013-04-11,13.0,13.0,4.5616666666666665,0.0
2013-04-15.30,3.0,u16,2013-04-15,2013-04-15,24.0,24.0,8.212222222222222,1.0
2013-04-14.18,3.0,u16,2013-04-14,2013-04-14,24.0,24.0,4.426388888888889,0.0
2013-04-14.19,1.0,u16,2013-04-14,2013-04-14,24.0,24.0,4.426388888888889,0.0
2013-04-14.20,2.0,u16,2013-04-14,2013-04-14,24.0,24.0,4.426388888888889,0.0
2013-04-16.21,1.0,u16,2013-04-16,2013-04-16,24.0,24.0,2.815,0.0
2013-04-17.32,1.0,u16,2013-04-17,2013-04-17,24.0,24.0,6.156111111111112,0.0
2013-04-18.25,1.0,u16,2013-04-18,2013-04-18,24.0,24.0,9.249722222222225,1.0
2013-04-18.26,2.0,u16,2013-04-18,2013-04-18,24.0,24.0,9.249722222222225,1.0
2013-04-19.10,2.0,u16,2013-04-19,2013-04-19,24.0,24.0,7.834166666666666,0.0
2013-04-19.11,3.0,u16,2013-04-19,2013-04-19,24.0,24.0,7.834166666666666,0.0
2013-04-20.11,2.0,u16,2013-04-20,2013-04-20,24.0,24.0,4.208333333333333,0.0
2013-04-21.8,3.0,u16,2013-04-21,2013-04-21,24.0,24.0,1.3219444444444444,0.0
2013-04-22.10,3.0,u16,2013-04-22,2013-04-22,24.0,24.0,5.74,1.0
2013-04-23.18,1.0,u16,2013-04-23,2013-04-23,24.0,24.0,5.905833333333333,0.0
2013-04-26.10,3.0,u16,2013-04-26,2013-04-26,24.0,24.0,5.970277777777778,0.0
2013-04-28.2,3.0,u16,2013-04-28,2013-04-28,24.0,24.0,3.8713888888888888,0.0
2013-04-29.26,3.0,u16,2013-04-29,2013-04-29,24.0,24.0,2.5997222222222223,0.0
2013-04-30.15,3.0,u16,2013-04-30,2013-04-30,24.0,24.0,,2.0
2013-04-30.16,4.0,u16,2013-04-30,2013-04-30,24.0,24.0,,2.0
2013-05-02.6,1.0,u16,2013-05-02,2013-05-02,21.0,21.0,6.094722222222222,1.0
2013-05-03.10,3.0,u16,2013-05-03,2013-05-03,24.0,24.0,6.641388888888889,0.0
2013-05-05.2,2.0,u16,2013-05-05,2013-05-05,24.0,24.0,7.160555555555556,0.0
2013-05-06.13,3.0,u16,2013-05-06,2013-05-06,24.0,24.0,4.288888888888889,0.0
2013-05-12.5,1.0,u16,2013-05-12,2013-05-12,18.0,18.0,0.2377777777777777,0.0
2013-05-07.12,2.0,u16,2013-05-07,2013-05-07,24.0,24.0,3.3708333333333336,1.0
2013-05-07.13,3.0,u16,2013-05-07,2013-05-07,24.0,24.0,3.3708333333333336,1.0
2013-05-11.2,4.0,u16,2013-05-11,2013-05-11,24.0,24.0,2.658888888888889,0.0
2013-05-11.3,1.0,u16,2013-05-11,2013-05-11,24.0,24.0,2.658888888888889,0.0
2013-05-04.3,1.0,u16,2013-05-04,2013-05-04,24.0,24.0,6.299444444444444,0.0
2013-05-14.5,2.0,u16,2013-05-14,2013-05-14,24.0,24.0,2.765,0.0
2013-05-08.10,1.0,u16,2013-05-08,2013-05-08,24.0,24.0,6.843333333333334,0.0
2013-05-10.3,3.0,u16,2013-05-10,2013-05-10,24.0,24.0,9.838611111111112,0.0
2013-05-15.10,2.0,u16,2013-05-15,2013-05-15,24.0,24.0,4.565555555555555,0.0
2013-05-15.11,4.0,u16,2013-05-15,2013-05-15,24.0,24.0,4.565555555555555,0.0
2013-05-19.8,4.0,u16,2013-05-19,2013-05-19,19.0,19.0,0.065,0.0
2013-05-19.9,1.0,u16,2013-05-19,2013-05-19,19.0,19.0,0.065,0.0
2013-05-17.6,4.0,u16,2013-05-17,2013-05-17,18.0,18.0,2.9961111111111114,0.0
2013-05-18.9,1.0,u16,2013-05-18,2013-05-18,16.0,16.0,1.737777777777778,0.0
2013-05-20.8,3.0,u16,2013-05-20,2013-05-20,24.0,24.0,,0.0
2013-05-20.9,1.0,u16,2013-05-20,2013-05-20,24.0,24.0,,0.0
2013-05-20.10,4.0,u16,2013-05-20,2013-05-20,24.0,24.0,,0.0
2013-05-21.6,2.0,u16,2013-05-21,2013-05-21,24.0,24.0,1.6,0.0
2013-05-21.7,3.0,u16,2013-05-21,2013-05-21,24.0,24.0,1.6,0.0
2013-05-22.5,1.0,u16,2013-05-22,2013-05-22,24.0,24.0,8.319166666666666,0.0
2013-05-23.6,3.0,u16,2013-05-23,2013-05-23,24.0,24.0,3.876666666666667,1.0
2013-05-23.7,2.0,u16,2013-05-23,2013-05-23,24.0,24.0,3.876666666666667,1.0
2013-05-24.8,2.0,u16,2013-05-24,2013-05-24,24.0,24.0,3.0475,0.0
2013-05-24.9,1.0,u16,2013-05-24,2013-05-24,24.0,24.0,3.0475,0.0
2013-05-28.1,3.0,u16,2013-05-28,2013-05-28,24.0,24.0,,0.0
2013-03-28.37,1.0,u54,2013-03-28,2013-03-28,27.0,100.0,3.6725,0.0
2013-03-30.29,1.0,u54,2013-03-30,2013-03-30,25.0,137.0,13.768055555555556,0.0
2013-04-05.49,3.0,u54,2013-04-05,2013-04-05,26.0,57.0,1.4325,1.0
2013-04-05.50,1.0,u54,2013-04-05,2013-04-05,26.0,57.0,1.4325,1.0
2013-04-10.31,1.0,u54,2013-04-10,2013-04-10,26.0,94.0,4.987777777777778,1.0
2013-04-11.28,1.0,u54,2013-04-11,2013-04-11,25.0,46.0,4.117222222222222,0.0
2013-04-12.30,2.0,u54,2013-04-12,2013-04-12,24.0,39.0,1.3211111111111111,1.0
2013-04-15.31,1.0,u54,2013-04-15,2013-04-15,25.0,45.0,4.510277777777778,1.0
2013-04-16.22,1.0,u54,2013-04-16,2013-04-16,35.0,74.0,0.7877777777777778,0.0
2013-04-17.33,4.0,u54,2013-04-17,2013-04-17,23.0,77.0,0.3552777777777778,2.0
2013-03-29.38,4.0,u35,2013-03-29,2013-03-29,24.0,24.0,5.191666666666666,0.0
2013-03-29.39,1.0,u35,2013-03-29,2013-03-29,24.0,24.0,5.191666666666666,0.0
2013-04-03.52,1.0,u35,2013-04-03,2013-04-03,24.0,24.0,6.205,0.0
2013-04-02.19,1.0,u35,2013-04-02,2013-04-02,24.0,24.0,9.474722222222224,1.0
2013-04-04.42,4.0,u35,2013-04-04,2013-04-04,24.0,24.0,4.058611111111111,0.0
2013-04-05.51,4.0,u35,2013-04-05,2013-04-05,24.0,24.0,6.353611111111111,0.0
2013-04-14.21,4.0,u35,2013-04-14,2013-04-14,24.0,24.0,1.3241666666666667,0.0
2013-04-09.38,4.0,u35,2013-04-09,2013-04-09,24.0,24.0,4.286388888888889,1.0
2013-04-10.32,1.0,u35,2013-04-10,2013-04-10,24.0,24.0,5.729722222222223,0.0
2013-04-12.31,1.0,u35,2013-04-12,2013-04-12,24.0,24.0,4.106944444444444,0.0
2013-04-15.32,1.0,u35,2013-04-15,2013-04-15,24.0,24.0,0.2352777777777777,1.0
2013-04-16.23,1.0,u35,2013-04-16,2013-04-16,24.0,24.0,0.8380555555555556,0.0
2013-04-18.27,2.0,u35,2013-04-18,2013-04-18,24.0,24.0,1.7930555555555556,0.0
2013-04-18.28,1.0,u35,2013-04-18,2013-04-18,24.0,24.0,1.7930555555555556,0.0
2013-04-29.27,3.0,u35,2013-04-29,2013-04-29,24.0,24.0,7.194722222222223,0.0
2013-04-29.28,1.0,u35,2013-04-29,2013-04-29,24.0,24.0,7.194722222222223,0.0
2013-04-30.17,1.0,u35,2013-04-30,2013-04-30,24.0,24.0,0.0447222222222222,1.0
2013-05-02.7,1.0,u35,2013-05-02,2013-05-02,24.0,24.0,1.538333333333333,0.0
